tema|dificultad|enunciado|alternativa1|alternativa2|alternativa3|alternativa4|alternativa5|claveCorrecta|explicacion|origen
Actitud|FACIL|Cuando una persona manifiesta sentir un profundo rechazo o desagrado emocional hacia el consumo de comida chatarra, ¿a qué componente de la actitud se hace referencia principalmente?|Cognitivo|Afectivo|Conductual|Conativo|Reactivo|1|El componente afectivo de la actitud abarca los sentimientos, emociones y evaluaciones de agrado o desagrado que experimenta un individuo frente al objeto de la actitud.|IA_APROBADA
Actitud|FACIL|La predisposición aprendida y relativamente estable a responder de manera favorable o desfavorable hacia un objeto, persona o situación se define en psicología como:|Afecto|Aptitud|Actitud|Personalidad|Temperamento|2|La actitud se define formalmente en psicología como una predisposición evaluativa aprendida que orienta la respuesta afectiva, cognitiva y conductual ante un objeto o estímulo.|IA_APROBADA
Actitud|FACIL|En el estudio de las actitudes sociales, la discriminación se diferencia del prejuicio en que la primera representa la dimensión de tipo:|Afectivo|Cognitivo|Conductual|Inconsciente|Moral|2|Mientras que el prejuicio es la evaluación o afecto negativo hacia un grupo y el estereotipo es la creencia (cognitivo), la discriminación constituye el comportamiento o acto manifiesto (conductual).|IA_APROBADA
Actitud|FACIL|María cree firmemente que hacer ejercicio diario mejora la salud cardiovascular y la longevidad. Esta idea o creencia forma parte del componente ________ de su actitud hacia el deporte.|Afectivo|Conductual|Cognitivo|Volitivo|Emocional|2|El componente cognitivo hace referencia a las creencias, opiniones, pensamientos e información teórica que posee una persona sobre el objeto de la actitud.|IA_APROBADA
Actitud|FACIL|Andrés suele comprar productos ecológicos y participa voluntariamente en campañas de reciclaje de su vecindario. Estas acciones corresponden al componente de la actitud denominado:|Cognitivo|Afectivo|Conductual o conativo|Defensivo|Expresivo|2|El componente conductual o conativo hace referencia a las intenciones, hábitos y acciones observables dirigidas hacia el objeto de la actitud.|IA_APROBADA
Actitud|MEDIA|Un fumador empedernido sabe perfectamente que el cigarrillo causa cáncer, pero afirma 'de algo hay que morir' para mitigar la tensión psicológica generada entre su creencia y su hábito. Este fenómeno se explica por la teoría de la:|Reactancia psicológica|Disonancia cognitiva|Percepción social|Facilitación social|Indefensión aprendida|1|La teoría de la disonancia cognitiva de Leon Festinger plantea que cuando existen cogniciones o conductas contradictorias, el sujeto experimenta malestar e intenta justificar o modificar sus creencias para reducir la tensión.|IA_APROBADA
Actitud|MEDIA|Un estudiante que desaprueba un examen afirma que el profesor tiene preferencia por otros alumnos, protegiendo así su propia autoestima del sentimiento de fracaso. ¿Qué función de la actitud según Daniel Katz se evidencia?|Función utilitaria|Función cognoscitiva|Función defensiva del yo|Función expresiva de valores|Función de ajuste social|2|La función defensiva del yo permite al sujeto proteger su autoconcepto y autoestima frente a tensiones internas, fracasos o sentimientos de culpa mediante mecanismos de defensa.|IA_APROBADA
Actitud|MEDIA|Un niño observa constantemente a sus padres mostrar entusiasmo y alegría al momento de leer libros, imitando posteriormente dicho hábito con agrado. Este modo de formación de actitudes corresponde al aprendizaje:|Por condicionamiento clásico|Observacional o vicario|Por ensayo y error|Operante o instrumental|Aversivo involuntario|1|La actitud se adquiere por aprendizaje vicario u observacional (Bandura) cuando el sujeto adopta valores, creencias y conductas tras modelar el comportamiento de figuras significativas.|IA_APROBADA
Actitud|MEDIA|Carla viste prendas elaboradas con materiales reciclados y usa insignias ecologistas para comunicar a los demás su identidad personal y sus principios axiológicos. La función de la actitud manifestada es:|Defensiva del yo|Utilitaria o adaptativa|Expresiva de valores|De conocimiento|Comparativa social|2|Según Katz, la función expresiva de valores permite al individuo manifestar sus principios éticos, convicciones e identidad ante la sociedad mediante sus actitudes y elecciones.|IA_APROBADA
Actitud|MEDIA|Atribuir de manera generalizada y simplificada un conjunto de características fijas a todos los miembros de un determinado grupo social constituye la estructura del:|Prejuicio|Estereotipo|Sesgo de confirmación|Dogmatismo|Estatus social|1|El estereotipo es la dimensión cognitiva de las actitudes grupales y consiste en esquemas mentales simplificados o generalizaciones sobre las características de los miembros de un grupo.|IA_APROBADA
Actitud|DIFICIL|En un debate académico sobre cambio climático, un oyente evalúa minuciosamente la calidad lógica de los argumentos presentados y las evidencias científicas. Según el Modelo de Probabilidad de Elaboración (Petty y Cacioppo), la persona procesa la información a través de la ruta:|Periférica|Central|Empática|Heurística|Reactiva|1|La ruta central del Modelo de Probabilidad de Elaboración se activa cuando el receptor tiene alta motivación y capacidad para analizar detenidamente el contenido y los argumentos lógicos del mensaje persuasivo.|IA_APROBADA
Actitud|DIFICIL|Tras adquirir un automóvil sumamente costoso que compromete sus finanzas, Javier empieza a magnificar los sistemas de seguridad del coche y minimiza los gastos de mantenimiento. Desde la disonancia cognitiva, ¿qué estrategia de reducción de tensión aplica?|Eliminación del comportamiento incoherente|Adición de cogniciones consonantes y revalorización de la alternativa elegida|Modificación de las normas comunitarias|Generación de reactancia psicológica|Búsqueda de castigo adaptativo|1|Para resolver la disonancia posterior a una decisión difícil (disonancia posdecisional), las personas añaden argumentos favorables a la opción elegida y devalúan la opción descartada para sentir congruencia.|IA_APROBADA
Actitud|DIFICIL|De acuerdo con la Teoría de la Conducta Planeada de Icek Ajzen, la actitud hacia una conducta no es el único predictor directo del comportamiento. ¿Qué otros factores interactúan con la actitud para estructurar la intención conductual?|El inconsciente colectivo y la catarsis emocional|La norma subjetiva y el control conductual percibido|La disonancia afectiva y el temperamento biológico|El refuerzo vicario y la indefensión aprendida|La reactancia cognitiva y la deseabilidad implícita|1|La Teoría de la Conducta Planeada establece que la intención conductual depende de la actitud hacia el acto, la norma subjetiva (presión social percibida) y el control conductual percibido (facilidad u obstáculos percibidos).|IA_APROBADA
Actitud|DIFICIL|El denominado 'efecto adormecido' (sleeper effect) en la psicología de la persuasión y cambio de actitud explica un fenómeno en el cual un mensaje persuasivo proveniente de una fuente de baja credibilidad:|Genera un rechazo inmediato e irreversible que dura indefectiblemente en el tiempo|Incrementa su impacto persuasivo con el transcurso del tiempo al disociarse el mensaje de la fuente|Cambia instantáneamente la actitud del sujeto debido a la reactancia psicológica|Pierde toda eficacia persuasiva en cuanto el sujeto olvida el tema|Solo funciona si el sujeto se encuentra procesando por la ruta periférica permanentemente|1|El 'sleeper effect' ocurre cuando el impacto persuasivo de un mensaje emitido por una fuente poco confiable aumenta gradualmente con el tiempo porque la memoria del contenido del mensaje se disocia de la fuente descalificada.|IA_APROBADA
Actitud|DIFICIL|Un empleado adopta deliberadamente la misma postura política que su empleador directo con el propósito explícito de evitar conflictos en la oficina y asegurar una promoción salarial. En la teoría funcionalista de Katz, esto evidencia la función:|Ego-defensiva|De conocimiento|Utilitaria o adaptativa|Expresiva de valores|De autorregulación emocional|2|La función utilitaria, instrumental o adaptativa de las actitudes busca maximizar las recompensas o beneficios del entorno social y minimizar los castigos o consecuencias negativas.|IA_APROBADA
Aritmética|FACIL|Convierta el número 123 en base 5 al sistema decimal (base 10).|33|38|43|28|48|1|Al descomponer polinómicamente el número 123 en base 5 se obtiene: 1 × 5² + 2 × 5¹ + 3 × 5⁰ = 25 + 10 + 3 = 38.|IA_APROBADA
Aritmética|FACIL|Si el conjunto A está definido por A = {x ∈ N / 2 < x ≤ 6}, determine la cantidad de elementos de su conjunto potencia.|8|16|32|64|12|1|Los elementos del conjunto A son {3, 4, 5, 6}, por lo que n(A) = 4. La cantidad de elementos de su conjunto potencia es 2^4 = 16.|IA_APROBADA
Aritmética|FACIL|Si el número de cuatro cifras 4a3b es divisible por 9 y se sabe que b = 5, halle el valor de a.|4|5|6|7|8|2|Un número es divisible por 9 si la suma de sus cifras es múltiplo de 9. Sumando: 4 + a + 3 + 5 = 12 + a. Para que 12 + a sea múltiplo de 9, a debe ser igual a 6.|IA_APROBADA
Aritmética|FACIL|La razón geométrica de dos números es 3/5 y su suma es 64. Halle el valor del número mayor.|24|32|40|48|36|2|Sean los números 3k y 5k. Como la suma es 64, tenemos 3k + 5k = 64, de donde 8k = 64 y k = 8. El número mayor es 5k = 5(8) = 40.|IA_APROBADA
Aritmética|FACIL|¿A qué descuento único equivalen dos descuentos sucesivos del 20% y del 30%?|50%|44%|46%|40%|54%|1|El descuento único DU se calcula con la fórmula DU = [D1 + D2 - (D1 × D2)/100]%. Reemplazando: DU = [20 + 30 - (20 × 30)/100]% = [50 - 6]% = 44%.|IA_APROBADA
Aritmética|MEDIA|Determine la cantidad de divisores compuestos que posee el número 360.|18|19|20|22|24|2|La descomposición canónica de 360 es 2³ × 3² × 5¹. El total de divisores es (3+1)(2+1)(1+1) = 24. Sus divisores primos son 3 (el 2, 3 y 5) y tiene 1 divisor simple adicional (el 1). Por lo tanto, divisores compuestos = 24 - 3 - 1 = 20.|IA_APROBADA
Aritmética|MEDIA|El Máximo Común Divisor (MCD) de dos números enteros positivos es 12 y su Mínimo Común Múltiplo (MCM) es 180. Si uno de los números es 36, determine el otro número.|45|54|60|72|90|2|Por propiedad, el producto de dos números es igual al producto de su MCD por su MCM: A × B = MCD × MCM. Reemplazando: 36 × B = 12 × 180, de donde B = 60.|IA_APROBADA
Aritmética|MEDIA|El promedio aritmético de 10 números es 15. Si se retiran dos números cuyo promedio es 11, determine el promedio de los 8 números restantes.|16|17|18|15.5|16.5|0|La suma total de los 10 números es 10 × 15 = 150. La suma de los dos números retirados es 2 × 11 = 22. La suma restante es 150 - 22 = 128. El nuevo promedio es 128 / 8 = 16.|IA_APROBADA
Aritmética|MEDIA|Se mezclan 20 litros de vino de 15 soles el litro con 30 litros de otro vino de 20 soles el litro. ¿Cuál es el precio medio por litro de la mezcla resultante?|16 soles|17 soles|18 soles|17.5 soles|18.5 soles|2|El precio medio Pm = (20 × 15 + 30 × 20) / (20 + 30) = (300 + 600) / 50 = 900 / 50 = 18 soles.|IA_APROBADA
Aritmética|MEDIA|Un grupo de 6 obreros construyen una obra en 10 días trabajando 8 horas diarias. ¿Cuántos días tardarán 8 obreros en realizar la misma obra trabajando 6 horas diarias?|8 días|10 días|12 días|14 días|15 días|1|Mediante la relación de proporcionalidad: Obreros × Días × Horas = constante. Así: 6 × 10 × 8 = 8 × D × 6, lo que simplifica a 480 = 48D, obteniéndose D = 10 días.|IA_APROBADA
Aritmética|DIFICIL|Un capital se deposita a una tasa de interés compuesto del 10% anual capitalizable anualmente. ¿En cuántos años enteros como mínimo se habrá duplicado dicho capital? (Considere log10(2) ≈ 0.3010 y log10(1.1) ≈ 0.0414).|5|6|7|8|10|3|Se requiere que (1.1)^t ≥ 2. Tomando logaritmo en base 10: t × log(1.1) ≥ log(2) => t ≥ 0.3010 / 0.0414 ≈ 7.27. El menor entero de años necesario para asegurar que se haya duplicado es 8 años.|IA_APROBADA
Aritmética|DIFICIL|Dada la fracción irreductible a/b que genera el número decimal periódico puro 0.272727... (de período 27), halle el valor de a + b.|11|12|14|16|18|2|La fracción generatriz es 27/99. Simplificando novena en numerador y denominador se obtiene la fracción irreductible 3/11. Por lo tanto, a = 3 y b = 11, dando a + b = 14.|IA_APROBADA
Aritmética|DIFICIL|En una urna hay 5 bolas rojas y 4 bolas azules. Si se extraen al azar y simultáneamente 3 bolas, determine la probabilidad de obtener exactamente 2 bolas rojas y 1 bola azul.|5/21|10/21|20/21|15/42|25/84|1|El total de casos posibles es C(9, 3) = 84. Los casos favorables son elegir 2 rojas de 5 y 1 azul de 4: C(5, 2) × C(4, 1) = 10 × 4 = 40. La probabilidad es 40 / 84 = 10/21.|IA_APROBADA
Aritmética|DIFICIL|Al extraer la raíz cuadrada entera a un número entero N, se obtuvo un residuo por defecto de 12 y un residuo por exceso de 21. Halle la suma de las cifras de N.|14|16|18|12|15|1|Por propiedad de la radicación entera, r_defecto + r_exceso = 2k + 1, donde k es la raíz por defecto. Entonces 12 + 21 = 2k + 1 => 33 = 2k + 1 => k = 16. Luego N = k² + r_defecto = 16² + 12 = 256 + 12 = 268. La suma de las cifras de N es 2 + 6 + 8 = 16.|IA_APROBADA
Aritmética|DIFICIL|Calcule el valor de la suma infinita finita S = 1/(1x2) + 1/(2x3) + 1/(3x4) + ... + 1/(19x20).|17/20|18/20|19/20|20/21|1/20|2|Aplicando descomposición telescópica: 1/(n(n+1)) = 1/n - 1/(n+1). La suma queda (1 - 1/2) + (1/2 - 1/3) + ... + (1/19 - 1/20) = 1 - 1/20 = 19/20.|IA_APROBADA
Biología|FACIL|El agua es la biomolécula inorgánica más abundante en los seres vivos. ¿Cuál de sus propiedades le permite actuar como un eficiente regulador térmico frente a los cambios drásticos de temperatura?|Baja tensión superficial|Alto calor específico|Baja constante dieléctrica|Alta densidad en estado sólido|Baja capacidad de disolución|1|El alto calor específico del agua le permite absorber o liberar gran cantidad de calor experimentando ligeros cambios de temperatura, lo que estabiliza la temperatura corporal.|IA_APROBADA
Biología|FACIL|En la estructura de las células procariotas, como las bacterias, el material genético constituido por ADN circular se ubica libremente en una región del citoplasma denominada|núcleo|nucleolo|nucleoide|peroxisoma|carioteca|2|Las células procariotas carecen de envoltura nuclear o carioteca, por lo que su ADN se halla concentrado en una zona citoplasmática no membranosa llamada nucleoide.|IA_APROBADA
Biología|FACIL|Durante la etapa luminosa de la fotosíntesis en los cloroplastos, la ruptura de la molécula de agua por acción de la energía solar libera oxígeno molecular al entorno. Este evento se denomina|fotofosforilación|fijación de carbono|fotólisis del agua|ciclo de Calvin|reducción del NADP+|2|La fotólisis del agua consiste en la escisión de la molécula de H2O mediante la luz en el fotosistema II, liberando electrones, protones y O2.|IA_APROBADA
Biología|FACIL|Si se cruzan dos plantas de arveja heterocigotas para el color de la semilla (Aa x Aa), donde el color amarillo (A) es dominante sobre el verde (a), ¿cuál es la probabilidad de obtener descendencia con semillas de color verde?|100%|75%|50%|25%|0%|3|Según la primera ley de Mendel, el cruce de dos heterocigotas (Aa x Aa) da una proporción genotípica de 1 AA : 2 Aa : 1 aa. La probabilidad fenotípica recesiva (aa, color verde) es de 1/4 o 25%.|IA_APROBADA
Biología|FACIL|En un ecosistema determinado, al grupo de organismos perteneciente a la misma especie que coexisten en un tiempo y espacio específicos se le conoce como|comunidad|población|biocenosis|biotopo|nicho ecológico|1|Una población se define biológicamente como el conjunto de individuos de una misma especie que habitan un área geográfica dada en un periodo determinado.|IA_APROBADA
Biología|MEDIA|En las plantas vasculares, el tejido encargado de conducir la savia elaborada, rica en sacarosa y compuestos orgánicos fotosintetizados, desde las hojas hacia los demás órganos se denomina|xilema|floema|colénquima|esclerénquima|parénquima acuífero|1|El floema es el tejido vascular vivo encargado del transporte de la savia elaborada (nutrientes orgánicos) a través de los tubos cribosos.|IA_APROBADA
Biología|MEDIA|Durante la respiración celular aeróbica en seres eucariotas, el ciclo de Krebs se lleva a cabo específicamente en el compartimento subcelular llamado|citosol|cresta mitocondrial|matriz mitocondrial|membrana externa mitocondrial|espacio intermembrana|2|El ciclo del ácido cítrico o ciclo de Krebs ocurre en la matriz mitocondrial, lugar donde se localizan las enzimas solubles necesarias para esta vía metabólica.|IA_APROBADA
Biología|MEDIA|En la digestión química gástrica del ser humano, el pepsinógeno inactivo secretado por las células principales se convierte en la enzima activa pepsina mediante la acción del|ácido clorhídrico|bicarbonato de sodio|factor intrínseco de Castle|moco protector|péptido inhibidor gástrico|0|El HCl secretado por las células parietales genera un medio altamente ácido (pH 1.5 - 2) que escinde el péptido inhibidor del pepsinógeno, activándolo a pepsina.|IA_APROBADA
Biología|MEDIA|En el sistema circulatorio humano, la vena pulmonar presenta una característica morfofuncional particular, la cual consiste en transportar sangre|hipoxigenada desde el ventrículo derecho hasta los pulmones|oxigenada desde los pulmones hacia la aurícula izquierda|hipoxigenada desde los tejidos corporales a la aurícula derecha|oxigenada desde el ventrículo izquierdo a la arteria aorta|mezclada directamente hacia el ventrículo derecho|1|A diferencia de la mayoría de las venas, las cuatro venas pulmonares conducen sangre recién oxigenada en los alvéolos desde los pulmones hasta la aurícula izquierda del corazón.|IA_APROBADA
Biología|MEDIA|Frente a una situación de hipoglucemia en sangre, el páncreas endocrino responde liberando la hormona glucagón, la cual es sintetizada específicamente por las células|beta de los islotes de Langerhans|alfa de los islotes de Langerhans|delta de los islotes de Langerhans|acinares exocrinas del páncreas|principales del folículo pancreático|1|Las células alfa de los islotes pancreáticos secretan glucagón en respuesta a concentraciones bajas de glucosa sanguínea para promover la glucogenólisis hepática.|IA_APROBADA
Biología|DIFICIL|Durante la etapa de despolarización de la membrana en el potencial de acción neuronal, se desencadena un cambio súbito en el potencial eléctrico debido a la|salida masiva de potasio por canales pasivos|entrada rápida de sodio a favor de su gradiente por canales dependientes de voltaje|salida activa de tres iones sodio mediante la bomba Na+/K+ ATPasa|entrada de cloro al medio intracelular por hiperpolarización|salida de calcio almacenado en el retículo sarcoplásmico|1|Al alcanzarse el umbral de excitación, se abren los canales de Na+ dependientes de voltaje, provocando un flujo masivo hacia el interior celular que invierte la polaridad eléctrica de la membrana.|IA_APROBADA
Biología|DIFICIL|En la nefrona, la hormona antidiurética (ADH o vasopresina) estimula el aumento de la reabsorción facultativa de agua mediante el reclutamiento e inserción de acuaporinas en las membranas celulares del|glomérulo renal|túbulo contorneado proximal|asa de Henle segmento delgado|túbulo colector|espacio capsular de Bowman|3|La ADH actúa en el túbulo colector (y distal), unióndose a receptores V2 para promover la traslocación de acuaporina-2 a la membrana apical, incrementando la reabsorción hídrica.|IA_APROBADA
Biología|DIFICIL|Según la teoría sintética de la evolución (neodarwinismo), ¿cuál de los siguientes enunciados explica correctamente el origen primario de la variabilidad genética en las poblaciones naturalizadas?|La modificación directa del genoma por necesidades impuestas por el ambiente|Las mutaciones aleatorias en las células germinales y la recombinación meiótica|La fijación espontánea de fenotipos a través de la deriva génica sin recombinación|La acción exclusiva del aislamiento geográfico sobre organismos cigóticos|El incremento continuo de caracteres adquiridos por uso y desuso metabólico|1|El neodarwinismo sostiene que la variabilidad genotípica sobre la cual actúa la selección natural proviene fundamentalmente de las mutaciones génicas espontáneas y la recombinación genética ocurrida durante la meiosis.|IA_APROBADA
Biología|DIFICIL|En el ciclo biológico alternante diplohaplonte de los helechos (pteridofitas), la estructura foliosa, fotosintéticamente activa, vascularizada y diploide dominante representa la fase|gametofítica|esporofítica|protonémica|anteridial|arquegonial|1|En el ciclo de vida de los helechos, la planta verde conspicua con frondes es el esporofito (2n), el cual produce esporas haploides por meiosis en los soros.|IA_APROBADA
Biología|DIFICIL|La leishmaniasis tegumentaria o 'uta', afección parasitaria endémica en diversos valles interandinos del Perú, es producida por un protozoario mastigóforo y transmitida al ser humano por la picadura de hembras del género díptero|Anopheles|Aedes|Lutzomyia|Triatoma|Glossina|2|El vector biológico de Leishmania peruviana y Leishmania braziliensis en el Perú corresponde a los insectos dípteros del género Lutzomyia, conocidos popularmente como 'titira' o 'manta blanca'.|IA_APROBADA
Economía|FACIL|Aquellos bienes que se caracterizan por ser escasos, poseer valor de cambio y ser elaborados por el ser humano mediante el proceso productivo se denominan bienes:|libres|económicos|no económicos|naturales|ilimitados|1|Los bienes económicos son escasos, tienen propietario, poseen valor de uso y valor de cambio, a diferencia de los bienes libres que son abundantes y provistos gratuitamente por la naturaleza.|IA_APROBADA
Economía|FACIL|Según la ley de la demanda, si el precio de un bien normal se incrementa, manteniendo los demás factores constantes (ceteris paribus), se espera que la cantidad demandada:|aumente proporcionalmente|permanezca invariable|disminuya|se vuelva infinita|desplace la curva a la derecha|2|La ley de la demanda establece una relación inversa entre el precio y la cantidad demandada de un bien, por lo que al subir el precio, la cantidad demandada disminuye.|IA_APROBADA
Economía|FACIL|La forma jurídica de empresa conformada por un solo propietario que responde de manera limitada al capital aportado por la empresa y cuenta con personería jurídica propia se denomina:|Sociedad Anónima Abierta|Empresa Individual de Responsabilidad Limitada|Sociedad Comercial de Responsabilidad Limitada|Sociedad Colectiva|Empresa Comanditaria|1|La Empresa Individual de Responsabilidad Limitada (E.I.R.L.) es constituida por un solo titular y posee personería jurídica con patrimonio distinto al del dueño.|IA_APROBADA
Economía|FACIL|La institución estatal encargada de la emisión de billetes y monedas, así como de administrar las reservas internacionales netas en el Perú, es el:|Ministerio de Economía y Finanzas|Banco de la Nación|Banco Central de Reserva del Perú|Superintendencia de Banca y Seguros|Congreso de la República|2|El Banco Central de Reserva del Perú (BCRP) tiene el mandato constitucional de preservar la estabilidad monetaria, regular la moneda y administrar las RIN.|IA_APROBADA
Economía|FACIL|Dentro de los factores de producción clásicos, aquel factor considerado derivado que resulta de la acción del trabajo sobre la naturaleza para crear herramientas y maquinarias es el:|estado|capital|trabajo|territorio|conocimiento|1|El capital es un factor derivado porque surge de la combinación del factor trabajo con el factor naturaleza (tierra).|IA_APROBADA
Economía|MEDIA|Una estructura de mercado caracterizada por la existencia de pocos vendedores de un producto homogéneo o diferenciado, donde existe una fuerte interdependencia estratégica entre las firmas, corresponde a un:|monopolio puro|oligopolio|mercado de competencia perfecta|monopsonio|mercado informal|1|El oligopolio es un mercado dominado por pocos ofertantes que toman decisiones teniendo en cuenta las reacciones directas de sus competidores (interdependencia estratégica).|IA_APROBADA
Economía|MEDIA|En la clasificación de la población según el mercado laboral, las personas que están en edad de trabajar y se encuentran buscando activamente un empleo pero no lo encuentran forman parte de la:|Población Económicamente Inactiva (PEI)|Población Ocupada Adecuada|Población Económicamente Activa desocupada|Población Subempleada por ingresos|Fuerza de trabajo no disponible|2|La PEA desocupada o desempleo abierto comprende a quienes forman parte de la fuerza laboral, buscan trabajo de forma activa y no lo consiguen.|IA_APROBADA
Economía|MEDIA|El Impuesto General a las Ventas (IGV) en el sistema tributario peruano se clasifica como un impuesto de tipo:|directo y progresivo|indirecto y regresivo en su impacto socioeconómico|directo y proporcional|extraordinario a la renta|municipal directo|1|El IGV es un impuesto indirecto que grava el consumo. Es regresivo socioeconómicamente porque afecta con la misma tasa proporcional al gasto de personas con diferentes niveles de ingreso.|IA_APROBADA
Economía|MEDIA|Si el tipo de cambio nominal del dólar respecto al sol peruano aumenta (depreciación del sol), ceteris paribus, esta variación favorece inmediatamente a los:|importadores de insumos extranjeros|consumidores de bienes importados|exportadores nacionales|deudores en moneda extranjera|turistas peruanos que viajan al exterior|2|Al depreciarse la moneda local (sol), los exportadores reciben más soles por cada dólar obtenido en sus ventas al exterior, aumentando sus ingresos en moneda nacional.|IA_APROBADA
Economía|MEDIA|De acuerdo con la teoría keynesiana del consumo, la fracción de cada unidad adicional de ingreso disponible que las familias destinan al consumo se denomina:|propensión media a consumir|propensión marginal a consumir|propensión marginal al ahorro|ingreso de equilibrio|multiplicador de la inversión|1|La propensión marginal a consumir (PMgC) mide el cambio en el consumo ante un incremento unitario en el ingreso disponible (ΔC / ΔYd).|IA_APROBADA
Economía|DIFICIL|Ante presiones inflacionarias elevadas en la economía, el Banco Central de Reserva del Perú (BCRP) decide aplicar una política monetaria restrictiva. Para lograrlo, la autoridad monetaria debería:|reducir la tasa de encaje legal en moneda nacional|comprar bonos soberanos en el mercado abierto|elevar su tasa de interés de referencia|incrementar la emisión inorgánica de billetes|disminuir la tasa de descuento para préstamos interbancarios|2|Elevar la tasa de interés de referencia encarece el crédito interbancario y del sistema financiero, reduciendo la liquidez y moderando la demanda agregada para contener la inflación.|IA_APROBADA
Economía|DIFICIL|Dentro de la estructura de la Balanza de Pagos, las remesas del exterior enviadas por trabajadores peruanos a sus familias residentes en el Perú se registran contablemente en la:|Balanza Comercial|Cuenta Financiera|Renta de Factores|Cuenta de Transferencias Corrientes|Cuenta de Capital|3|Las remesas familiares no involucran contraprestación directa de bienes o servicios y forman parte de las Transferencias Corrientes (o Ingreso Secundario) dentro de la Cuenta Corriente de la Balanza de Pagos.|IA_APROBADA
Economía|DIFICIL|Si en un periodo determinado el Producto Bruto Interno nominal de un país crece un 8% mientras que el deflactor implícito del PBI aumenta un 5%, se puede inferir con certeza que el PBI real:|disminuyó aproximadamente un 3%|aumentó aproximadamente un 3%|permaneció constante|creció a una tasa del 13%|cayó un 5%|1|El crecimiento del PBI real es aproximadamente la diferencia entre la tasa de crecimiento del PBI nominal y la tasa de inflación reflejada por el deflactor (8% - 5% = 3%).|IA_APROBADA
Economía|DIFICIL|Si el Coeficiente de Gini de un país pasa de 0,42 a 0,48 en un periodo de cinco años, la interpretación económica correcta respecto a la distribución del ingreso es que:|la desigualdad en la distribución del ingreso se ha reducido|la curva de Lorenz se ha acercado a la diagonal de 45 grados|el ingreso per cápita de toda la población ha caído uniformemente|la desigualdad en la distribución del ingreso se ha incrementado|la economía ha erradicado la informalidad laboral|3|El Coeficiente de Gini varía entre 0 (equidad perfecta) y 1 (desigualdad total). Un incremento en el índice indica que el ingreso se ha concentrado más, aumentando la desigualdad.|IA_APROBADA
Economía|DIFICIL|Un incremento del 10% en el precio de un bien provoca una disminución del 25% en su cantidad demandada. En este caso, la elasticidad precio de la demanda en valor absoluto es igual a:|0,4 y la demanda es inelástica|2,5 y la demanda es elástica|0,4 y la demanda es perfectamente elástica|2,5 y la demanda es inelástica|1,0 y la demanda es de elasticidad unitaria|1|La elasticidad precio de la demanda se calcula como el cambio porcentual de la cantidad dividida entre el cambio porcentual del precio (∣-25% / 10%∣ = 2,5). Al ser mayor que 1, la demanda es elástica.|IA_APROBADA
Educación Cívica|FACIL|Según el artículo 1 de la Constitución Política del Perú, el fin supremo de la sociedad y del Estado es:|la defensa de la persona humana y el respeto de su dignidad|el crecimiento económico sostenido y la industrialización|la conservación del orden público y la seguridad nacional|el pago oportuno de la deuda externa e interna|el fortalecimiento del sistema financiero|0|El artículo 1 de la Constitución Política del Perú establece explícitamente que la defensa de la persona humana y el respeto de su dignidad son el fin supremo de la sociedad y del Estado.|IA_APROBADA
Educación Cívica|FACIL|¿Qué órgano del Estado peruano tiene la función principal de legislar, fiscalizar y representar a la nación?|El Poder Ejecutivo|El Poder Judicial|El Congreso de la República|El Tribunal Constitucional|La Junta Nacional de Justicia|2|El Congreso de la República ejerce el Poder Legislativo y tiene como atribuciones principales la formulación de leyes, el control político/fiscalización y la representación ciudadana.|IA_APROBADA
Educación Cívica|FACIL|La institución encargada de la expedición del Documento Nacional de Identidad (DNI) y del registro de los nacimientos, matrimonios y defunciones en el Perú es:|el Jurado Nacional de Elecciones (JNE)|la Oficina Nacional de Procesos Electorales (ONPE)|el Registro Nacional de Identificación y Estado Civil (RENIEC)|la Defensoría del Pueblo|el Ministerio de Justicia y Derechos Humanos|2|El RENIEC es el organismo autónomo que forma parte del sistema electoral y se encarga del registro de actos civiles e identificación de los peruanos.|IA_APROBADA
Educación Cívica|FACIL|El mecanismo de participación ciudadana mediante el cual la población aprueba o rechaza una propuesta de norma jurídica o reformar la Constitución se denomina:|revocatoria|remoción|referéndum|iniciativa legislativa|rendición de cuentas|2|El referéndum es la consulta popular en la que los ciudadanos votan para aprobar o desaprobar normas legales o reformas constitucionales.|IA_APROBADA
Educación Cívica|FACIL|El acto mediante el cual un funcionario público utiliza el cargo o los recursos del Estado para beneficio personal o de terceros se define como:|discriminación|corrupción|terrorismo|nepotismo exclusivo|autoritarismo|1|La corrupción en la administración pública implica el mal uso del poder encomendado y de los bienes del Estado para la obtención de ventajas privadas e ilegítimas.|IA_APROBADA
Educación Cívica|MEDIA|Los derechos a la educación, al trabajo, a la salud y a la vivienda corresponden según su clasificación histórica a la categoría de derechos de:|primera generación o derechos civiles y políticos|segunda generación o derechos económicos, sociales y culturales|tercera generación o derechos de solidaridad y medio ambiente|cuarta generación o derechos de las tecnologías de información|quinta generación o derechos espaciales|1|Los derechos de segunda generación abarcan los aspectos económicos, sociales y culturales, cuyo cumplimiento exige un rol activo del Estado para garantizar el bienestar general.|IA_APROBADA
Educación Cívica|MEDIA|El órgano constitucional autónomo encargado de supervisar la legalidad de la ejecución del presupuesto del Estado y los actos de la administración pública es:|el Ministerio de Economía y Finanzas|la Contraloría General de la República|el Banco Central de Reserva del Perú|la Superintendencia de Banca y Seguros|el Congreso de la República|1|La Contraloría General de la República es el órgano rector del Sistema Nacional de Control que fiscaliza el uso eficaz y legal de los recursos presupuestales del Estado.|IA_APROBADA
Educación Cívica|MEDIA|Un grupo de ciudadanos decide juntar firmas para dejar sin efecto el mandato de un alcalde distrital antes de la culminación de su periodo. Este derecho de control ciudadano se denomina:|remoción|revocatoria|demanda de rendición de cuentas|cabildo abierto|presupuesto participativo|1|La revocatoria es el mecanismo de control ciudadano que permite destituir de sus cargos a autoridades provenientes de elección popular (alcaldes, regidores, gobernadores regionales).|IA_APROBADA
Educación Cívica|MEDIA|El enfoque estatal e individual que promueve el diálogo horizontal, la integración armónica y la valoración mutua entre las diversas culturas que conviven en el país se conoce como:|asimilación cultural|transculturación|interculturalidad|aculturación forzosa|alienación|2|La interculturalidad busca fomentar relaciones simétricas, de respeto, equidad y reconocimiento entre los distintos grupos étnico-culturales dentro de la sociedad.|IA_APROBADA
Educación Cívica|MEDIA|Ante una detención arbitraria realizada por efectivos policiales sin mandato judicial ni flagrante delito, la garantía constitucional que corresponde interponer es el:|Habeas Data|Habeas Corpus|Acción de Amparo|Acción Popular|Acción de Inconstitucionalidad|1|El Habeas Corpus es la garantía constitucional que protege la libertad individual y los derechos conexos a ella cuando son vulnerados o amenazados.|IA_APROBADA
Educación Cívica|DIFICIL|Si una ley aprobada por el Congreso contraviene de fondo los principios fijados en la Constitución Política del Perú, la demanda de Acción de Inconstitucionalidad debe ser resuelta en instancia única por:|la Sala Constitucional de la Corte Suprema de Justicia|el Tribunal Constitucional|el Jurado Nacional de Elecciones|la Junta Nacional de Justicia|el Pleno del Congreso de la República|1|El Tribunal Constitucional es el órgano supremo de control de la constitucionalidad y conoce en instancia única la Acción de Inconstitucionalidad interpuesta contra normas con rango de ley.|IA_APROBADA
Educación Cívica|DIFICIL|A diferencia de la revocatoria que recae sobre autoridades de elección popular, el mecanismo de control ciudadano mediante el cual la población solicita la privación del cargo de un funcionario designado por el gobierno central o local se denomina:|revocatoria judicial|remoción|rendición de cuentas|iniciativa legislativa|interpelación popular|1|La remoción de autoridades es un mecanismo de control ciudadana que se aplica específicamente a funcionarios que no fueron elegidos por voto popular, sino designados por autoridades competentes.|IA_APROBADA
Educación Cívica|DIFICIL|En el marco del sistema electoral peruano, señale la competencia que corresponde de forma exclusiva al Jurado Nacional de Elecciones (JNE):|Diseñar y elaborar la cédula de sufragio oficial|Organizar la logística del despliegue del material electoral|Administrar justicia en materia electoral y proclamar los resultados definitivos|Emitir el Documento Nacional de Identidad a los ciudadanos habilitados|Custodiar las actas electorales antes del procesamiento de cómputo|2|El JNE tiene función jurisdiccional y fiscalizadora; administra justicia electoral de última instancia, fiscaliza la legalidad del sufragio y proclama a los candidatos electos.|IA_APROBADA
Educación Cívica|DIFICIL|Cuando un funcionario público, abusando de sus atribuciones, exige o induce a un ciudadano a entregar indebidamente un bien o dinero para beneficio del funcionario o de un tercero, incurre en el delito de:|peculado|cohecho pasivo|concusión|colusión|tráfico de influencias|2|El delito de concusión se configura cuando el servidor o funcionario público hace uso abusivo de su cargo o funciones para obligar o inducir al pago o entrega de una contribución o emolumento no debido.|IA_APROBADA
Educación Cívica|DIFICIL|Conforme al ordenamiento constitucional peruano vigente, la institución encargada de nombrar, ratificar periodicamente y destituir mediante procedimiento disciplinario a jueces y fiscales de todos los niveles es:|la Sala Plena de la Corte Suprema de Justicia|la Junta Nacional de Justicia|el Consejo de Ministros|la Academia de la Magistratura|el Tribunal Constitucional|1|La Junta Nacional de Justicia (JNJ) es el órgano constitucional autónomo encargado de la selección, nombramiento, ratificación y sanción disciplinaria de los jueces y fiscales del Perú.|IA_APROBADA
Filosofía|FACIL|La disciplina filosófica que aborda preguntas sobre la estructura de los valores, la naturaleza de las valoraciones y la jerarquía entre lo deseable y lo no deseable se denomina|epistemología.|axiología.|ontología.|gnoseología.|estética.|1|La axiología es la rama de la filosofía dedicada al estudio de la naturaleza de los valores y los juicios valorativos.|IA_APROBADA
Filosofía|FACIL|¿Qué pensador peruano en su obra '¿Existe una filosofía de nuestra América?' sostuvo que el pensamiento latinoamericano ha sido inauténtico e imitativo debido a la dominación y dependencia histórica?|Francisco Miró Quesada|Augusto Salazar Bondy|José Carlos Mariátegui|Víctor Raúl Haya de la Torre|Alejandro Deustua|1|Augusto Salazar Bondy argumentó que la dominación socioeconómica produce una cultura alienada y una filosofía inauténtica en América Latina.|IA_APROBADA
Filosofía|FACIL|La doctrina ética que evalúa la moralidad de una acción en función de sus consecuencias, buscando maximizar el bienestar o felicidad general del mayor número de personas, se conoce como|deontologismo.|utilitarismo.|hedonismo cirenaico.|estoicismo.|virtud aristotélica.|1|El utilitarismo, formulado por Bentham y Mill, sostiene que la mejor acción es aquella que produce la mayor utilidad o felicidad para el mayor número de sujetos.|IA_APROBADA
Filosofía|FACIL|Durante un debate, un congresista rechaza la propuesta de un científico aduciendo: 'No debemos escuchar su proyecto ambiental porque usted nunca ha trabajado en el sector privado'. ¿En qué falacia no formal incurre el congresista?|Argumentum ad verecundiam|Argumentum ad hominem|Argumentum ad populum|Argumentum ad ignorantiam|Petitio principii|1|La falacia ad hominem ocurre cuando se ataca a la persona que formula la propuesta en lugar de refutar sus argumentos.|IA_APROBADA
Filosofía|FACIL|En la investigación científica, la formulación de una respuesta tentativa y provisoria frente a un problema planteado, la cual debe ser sometida a contrastación empírica, corresponde a la|teoría.|ley científica.|hipótesis.|observación neutra.|conclusión.|2|Una hipótesis es una suposición o explicación tentativa que se contrasta mediante la experiencia o la experimentación.|IA_APROBADA
Filosofía|MEDIA|Según Karl Popper, el criterio fundamental para delimitar qué enunciados pertenecen a la ciencia empírica y cuáles pertenecen a la metafísica no es la verificabilidad, sino la|inductibilidad progresiva.|falsabilidad del enunciado.|coherencia lógica formal.|evidencia intuitiva.|aceptación del consenso.|1|Popper propuso la falsabilidad: una teoría es científica si formula predicciones que puedan ser potencialmente refutadas por la experiencia.|IA_APROBADA
Filosofía|MEDIA|Considere el enunciado: 'Esta oración es falsa'. Si asumimos que es verdadera, resulta ser falsa; y si asumimos que es falsa, resulta ser verdadera. En la teoría de la argumentación y la lógica, este fenómeno se clasifica como una|falacia de anfibología.|paradoja de autorreferencia.|falacia de composición.|antinomia empírica.|tautología estricta.|1|Es la paradoja del mentiroso, un tipo de paradoja de autorreferencia lógica donde una afirmación contradice su propio valor de verdad.|IA_APROBADA
Filosofía|MEDIA|Desde la perspectiva de la estética kantiana desarrollada en la 'Crítica del juicio', la contemplación del objeto bello se distingue del agrado sensible y del bien moral porque el juicio de gusto es|puramente utilitario y práctico.|desinteresado y contemplativo.|subjetivo y de validez particular.|racionalmente demostrable.|dependiente de la perfección técnica.|1|Kant define la satisfacción bella como desinteresada, placentera sin responder a un interés práctico, corporal o moral inmediato.|IA_APROBADA
Filosofía|MEDIA|Un ciudadano decide devolver una billetera encontrada en la calle no por temor a la sanción ni por buscar recompensa, sino porque reconoce que la honestidad es un deber universalizable en cualquier circunstancia. Este comportamiento ilustra la ética|teleológica de Aristóteles.|deontológica de Kant.|utilitarista de Mill.|emotivista de Hume.|pragmatista de James.|1|La ética deontológica de Kant fundamenta la acción moral en el deber por el deber mismo y en máximas universalizables.|IA_APROBADA
Filosofía|MEDIA|En la polémica sobre la filosofía latinoamericana, Leopoldo Zea respondió a la tesis de Salazar Bondy sosteniendo que|es imposible que las naciones subdesarrolladas elaboren un pensamiento propio.|la filosofía latinoamericana ya existe a través del análisis de su propia circunstancia e historia.|la única filosofía válida es la adopción rigurosa del positivismo europeo.|la alienación desaparecerá únicamente con la abolición de la filosofía teórica.|América Latina solo debe cultivar la ciencia aplicada y prescindir de la metafísica.|1|Leopoldo Zea sostuvo una postura asuncionista: la reflexión sobre la propia realidad e historia latinoamericana constituye una filosofía auténtica.|IA_APROBADA
Filosofía|DIFICIL|De acuerdo con Thomas Kuhn en 'La estructura de las revoluciones científicas', el paso de un paradigma científico a otro no se realiza mediante una acumulación lineal de verdades ni por falsación objetiva e inmediata, sino a través de un proceso de|reducción inductiva estricta.|revolución científica motivada por crisis e inconmensurabilidad.|confirmación dogmática de leyes universales.|falsacionismo sofisticado y continuo.|verificación lógica de enunciados elementales.|1|Kuhn sostiene que las revoluciones científicas ocurren cuando las anomalías acumuladas quiebran el paradigma vigente, derivando en un cambio paradigmático signado por la inconmensurabilidad.|IA_APROBADA
Filosofía|DIFICIL|En un debate sobre políticas públicas de salud, un ponente afirma: 'No se ha probado científicamente que el consumo moderado de dicho aditivo sea dañino a largo plazo; por lo tanto, debemos concluir que es totalmente inocuo para la salud'. ¿Qué falacia de atinencia se manifiesta en esta argumentación?|Argumentum ad verecundiam|Argumentum ad ignorantiam|Falacia de la causa falsa|Falacia de equívoco|Argumentum ad baculum|1|Incurre en ad ignorantiam al dar por sentada la verdad o inocuidad de una afirmación basándose únicamente en la ausencia de prueba en contrario.|IA_APROBADA
Filosofía|DIFICIL|Dentro de la ética contemporánea y la teoría democrática, Jürgen Habermas propone la 'ética del discurso', la cual sostiene que la validez de una norma moral o política depende de|la imposición legítima de la mayoría parlamentaria según la ley.|la conformidad pasiva de la población frente a las tradiciones culturales.|el consenso alcanzado en un diálogo libre de coacción entre todos los afectados.|la maximización cuantitativa del placer colectivo sobre el individual.|la intuición moral subjetiva e inalienable de cada individuo.|2|La ética del discurso de Habermas plantea que una norma es válida solo si es aceptada por los afectados tras un diálogo racional sin coerción.|IA_APROBADA
Filosofía|DIFICIL|En la apreciación estética filosófica, mientras que lo bello genera una sensación de armonía, orden y serenidad al ajustar la forma con las facultades cognoscitivas, lo sublime se caracteriza por|provocar un agrado puramente sensorial derivado de la simetría perfecta.|conmover mediante la inmensidad o el poder desmesurado que sobrepasa la imaginación.|reproducir fielmente la naturaleza sin ninguna mediación del sujeto.|ser un juicio ético revestido de conceptos lógicos y utilitarios.|provocar el rechazo inmediato del espectador al carecer de cualquier forma de representación.|1|Lo sublime conmueve y sobrecoge al sujeto ante lo ilimitado o infinitamente poderoso, rebasando los límites de la sensibilidad e imaginación.|IA_APROBADA
Filosofía|DIFICIL|El célebre problema planteado por Edmund Gettier en la teoría del conocimiento (gnoseología) puso en cuestión la definición tradicional del conocimiento analizado como|creencia verdadera justificada.|certeza subjetiva e indudable.|percepción empírica directa.|coherencia sistémica absoluta.|intuición racional pura.|0|Gettier demostró mediante contraejemplos que una persona puede tener una creencia verdadera justificada por azar, revelando la insuficiencia del análisis tradicional.|IA_APROBADA
Física|FACIL|Dos vectores A y B de módulos 6 u y 8 u forman un ángulo de 90° entre sí. Determine el módulo del vector resultante R = A + B.|10 u|14 u|2 u|48 u|7 u|0|Por el teorema de Pitágoras para vectores ortogonales, el módulo de la resultante es R = sqrt(6² + 8²) = sqrt(36 + 64) = sqrt(100) = 10 u.|IA_APROBADA
Física|FACIL|Un automóvil viaja por una trayectoria rectilínea con velocidad constante de 72 km/h. ¿Qué distancia, en metros, recorre en un intervalo de 10 segundos?|720 m|200 m|360 m|100 m|180 m|1|Convertimos la velocidad a m/s: 72 * (5/18) = 20 m/s. Luego, usando MRU: distancia = velocidad * tiempo = 20 m/s * 10 s = 200 m.|IA_APROBADA
Física|FACIL|Un bloque de 5 kg de masa reposa sobre una superficie horizontal lisa. Si se le aplica una fuerza horizontal constante de 20 N, ¿cuál es la magnitud de la aceleración que experimenta el bloque?|2 m/s²|4 m/s²|5 m/s²|10 m/s²|100 m/s²|1|Aplicando la segunda ley de Newton (F = m * a): a = F / m = 20 N / 5 kg = 4 m/s².|IA_APROBADA
Física|FACIL|Calcule la presión hidrostática a una profundidad de 5 m en un estanque lleno de agua limpia de densidad 1000 kg/m³. (Considere g = 10 m/s²)|50 kPa|5 kPa|500 kPa|100 kPa|10 kPa|0|La presión hidrostática se calcula como P = densidad * g * h = 1000 kg/m³ * 10 m/s² * 5 m = 50 000 Pa = 50 kPa.|IA_APROBADA
Física|FACIL|Dos cargas puntuales q1 = +2 µC y q2 = +3 µC están separadas una distancia de 3 m en el vacío. Determine la magnitud de la fuerza eléctrica de repulsión entre ellas. (k = 9 x 10⁹ N·m²/C²)|6 x 10⁻³ N|1.8 x 10⁻² N|6 N|18 N|2 x 10⁻³ N|0|Por la ley de Coulomb: F = k * ∣q1 * q2∣ / r² = 9x10⁹ * (2x10⁻⁶ * 3x10⁻⁶) / 3² = 9x10⁹ * 6x10⁻¹² / 9 = 6 x 10⁻³ N.|IA_APROBADA
Física|MEDIA|Un cuerpo es lanzado verticalmente hacia arriba desde el suelo con una velocidad inicial de 30 m/s. Despreciando la resistencia del aire y considerando g = 10 m/s², ¿cuál es la altura máxima alcanzada por el cuerpo?|30 m|45 m|60 m|90 m|15 m|1|En el punto más alto la velocidad es cero. Usando v_final² = v_inicial² - 2*g*H: 0 = 30² - 2(10)H => 20H = 900 => H = 45 m.|IA_APROBADA
Física|MEDIA|Un objeto de 2 kg se desliza sobre un plano inclinado liso partiendo del reposo desde una altura h = 5 m. Determine la energía cinética del objeto cuando llega a la base del plano. (g = 10 m/s²)|50 J|100 J|200 J|25 J|500 J|1|Por conservación de la energía mecánica, la energía potencial gravitatoria inicial se transforma íntegramente en energía cinética en la base: Ek = m * g * h = 2 kg * 10 m/s² * 5 m = 100 J.|IA_APROBADA
Física|MEDIA|En un proceso isobárico a una presión constante de 2 x 10⁵ Pa, un gas ideal se expande pasando de un volumen inicial de 0,01 m³ a un volumen final de 0,04 m³. Calcule el trabajo realizado por el gas.|6000 J|8000 J|2000 J|4000 J|10000 J|0|En un proceso isobárico el trabajo es W = P * ΔV = 2 x 10⁵ Pa * (0,04 m³ - 0,01 m³) = 2 x 10⁵ * 0,03 = 6000 J.|IA_APROBADA
Física|MEDIA|Un circuito eléctrico simple contiene una fuente de voltaje constante de 12 V conectada en serie con dos resistencias R1 = 4 Ω y R2 = 2 Ω. Determine la potencia eléctrica disipada por la resistencia R2.|8 W|16 W|24 W|4 W|12 W|0|La resistencia equivalente es Req = 4 + 2 = 6 Ω. La corriente total del circuito es I = 12 V / 6 Ω = 2 A. La potencia disipada en R2 es P = I² * R2 = (2 A)² * 2 Ω = 8 W.|IA_APROBADA
Física|MEDIA|Un bloque sujeto a un resorte realiza un movimiento armónico simple (MAS) con una amplitud de 0,2 m y una frecuencia angular de 10 rad/s. Determine el módulo de la velocidad máxima del bloque.|1 m/s|2 m/s|4 m/s|0,5 m/s|20 m/s|1|En un MAS, la rapidez máxima ocurre al pasar por la posición de equilibrio y vale v_máx = ω * A = 10 rad/s * 0,2 m = 2 m/s.|IA_APROBADA
Física|DIFICIL|Un bloque A de masa 2 kg se mueve horizontalmente hacia la derecha con velocidad de 6 m/s e impacta frontal y elásticamente contra un bloque B de masa 4 kg originalmente en reposo. Determine la velocidad del bloque B inmediatamente después del choque.|2 m/s|4 m/s|3 m/s|6 m/s|1 m/s|1|Para una colisión elástica unidimensional con el segundo cuerpo en reposo, v2' = [2*m1 / (m1 + m2)] * v1 = [2(2) / (2 + 4)] * 6 m/s = (4/6) * 6 = 4 m/s hacia la derecha.|IA_APROBADA
Física|DIFICIL|Un conductor rectilíneo de 0,5 m de longitud transporta una corriente eléctrica de 4 A en presencia de un campo magnético uniforme de 0,3 T. Si el cable forma un ángulo de 30° con la dirección del campo magnético, ¿cuál es el módulo de la fuerza magnética sobre el conductor?|0,3 N|0,6 N|1,2 N|0,15 N|0,5 N|0|La magnitud de la fuerza magnética sobre una corriente rectilínea es F = I * L * B * sen(θ) = 4 A * 0,5 m * 0,3 T * sen(30°) = 4 * 0,5 * 0,3 * 0,5 = 0,3 N.|IA_APROBADA
Física|DIFICIL|Un rayo de luz viaja en el aire (índice de refracción n1 = 1) e incide sobre una superficie plana de un material transparente de índice n2 = √3. Si el ángulo de incidencia es 60°, determine el ángulo de refracción dentro del material.|30°|45°|60°|15°|37°|0|Aplicando la ley de Snell: n1 * sen(θ1) = n2 * sen(θ2) => 1 * sen(60°) = √3 * sen(θ2) => (√3/2) = √3 * sen(θ2) => sen(θ2) = 1/2, lo que corresponde a θ2 = 30°.|IA_APROBADA
Física|DIFICIL|En un experimento sobre el efecto fotoeléctrico, la función de trabajo de una placa metálica es de 2,0 eV. Si se ilumina la placa con fotones de energía igual a 5,2 eV, ¿cuál es la energía cinética máxima de los fotoelectrones emitidos?|3,2 eV|7,2 eV|2,6 eV|10,4 eV|1,6 eV|0|Según la ecuación del efecto fotoeléctrico de Einstein: E_fotón = función_trabajo + Ek_máx. Por lo tanto, Ek_máx = 5,2 eV - 2,0 eV = 3,2 eV.|IA_APROBADA
Física|DIFICIL|Un satélite de masa m orbita circularmente alrededor de la Tierra (de masa M y radio R) a una altitud h = R sobre la superficie terrestre. Exprese la velocidad orbital v del satélite en términos de la aceleración de la gravedad en la superficie g = G*M/R².|sqrt(g*R / 2)|sqrt(g*R)|sqrt(2*g*R)|sqrt(g*R / 4)|2*sqrt(g*R)|0|La aceleración centrípeta la provee la fuerza de gravedad a la distancia r = R + h = 2R: m*v²/r = G*M*m/r² => v = sqrt(G*M / r). Como r = 2R y G*M = g*R², v = sqrt(g*R² / 2R) = sqrt(g*R / 2).|IA_APROBADA
Geografía|FACIL|¿Cuál de los siguientes elementos forma parte de la geosfera y constituye el agente antrópico fundamental en la modificación del espacio geográfico?|La atmósfera|La flora silvestre|La sociedad humana|La hidrosfera|El relieve continental|2|La sociedad humana actúa como el agente antrópico que transforma el espacio geográfico mediante la construcción de infraestructuras y el desarrollo de actividades económicas.|IA_APROBADA
Geografía|FACIL|Las pampas de la costa peruana son relieves de origen aluvial con alto potencial agrícola. ¿Cuál es el principal factor limitante para su aprovechamiento en la agroexportación?|La salinidad del suelo|La falta de recurso hídrico|Las heladas invernales|El relieve accidentado|La presencia de huaycos frecuentes|1|Las pampas son áreas llanas fértiles, pero al ubicarse en la franja desértica costera requieren obras de irrigación por la escasez crónica de agua.|IA_APROBADA
Geografía|FACIL|El fenómeno El Niño provoca alteraciones climáticas significativas en la costa norte del Perú. ¿Cuál es su manifestación hidrometeorológica principal en esta zona?|Sequías severas en el litoral|Incremento de heladas astronómicas|Precipitaciones intensas e inundaciones|Descenso de la temperatura del agua del mar|Aumento sostenido de los vientos alisios|2|El Niño ocasiona el calentamiento anómalo de las aguas del mar en el norte del Perú, lo que desencadena una mayor evaporación y lluvias intensas e inundaciones.|IA_APROBADA
Geografía|FACIL|La vertiente hidrográfica del Pacífico peruano se caracteriza porque la mayoría de sus ríos tienen un curso de corta longitud y un régimen de tipo:|Regular|Irregular|Endorreico|Arreico|Nival constante|1|Los ríos del Pacífico peruano presentan un régimen irregular: incrementan notoriamente su caudal durante los meses de verano y sufren un acentuado estiaje en invierno.|IA_APROBADA
Geografía|FACIL|La cordillera de los Andes, la cadena montañosa continental más larga del planeta, se extiende a lo largo del sector occidental del continente de:|América del Norte|América Central|América del Sur|Eurasia|África|2|La cordillera de los Andes recorre la franja occidental de América del Sur atravesando siete países: Venezuela, Colombia, Ecuador, Perú, Bolivia, Chile y Argentina.|IA_APROBADA
Geografía|MEDIA|La fosa marina de Perú-Chile y la orogénesis de la cordillera de los Andes son consecuencia directa de la interacción de placas tectónicas de tipo:|Divergente entre la placa Africana y la Sudamericana|Transformante entre la placa del Pacífico y la Norteamericana|Convergente por subducción de la placa de Nazca bajo la Sudamericana|Convergente por colisión continental de la placa Euroasiática|Divergente por expansión del fondo oceánico en la dorsal de Nazca|2|El borde convergente por subducción, donde la placa de Nazca (oceánica) se introduce debajo de la placa Sudamericana (continental), genera la fosa oceánica y el levantamiento andino.|IA_APROBADA
Geografía|MEDIA|Respecto al cambio climático en la región andina del Perú, uno de los impactos biogeográficos directos observados en las últimas décadas es:|La expansión acelerada de las masas glaciares tropicales|La desalinización masiva del Océano Pacífico Sur|La migración altitudinal de especies de flora y fauna hacia cotas superiores|El aumento de la presión atmosférica en los pisos altitudinales altos|La reducción generalizada del nivel del mar en la franja costera|2|El aumento progresivo de las temperaturas obliga a diversas especies a desplazar sus hábitats hacia zonas de mayor altitud buscando rangos térmicos adecuados.|IA_APROBADA
Geografía|MEDIA|En la gestión del riesgo de desastres, la acción preventiva orientada a evitar la generación de nuevas vulnerabilidades en el territorio se enmarca dentro de:|La respuesta inmediata durante la emergencia|La reconstrucción posterior al evento destructivo|La gestión prospectiva del riesgo|La evaluación de daños y análisis de necesidades (EDAN)|La rehabilitación temporal de servicios básicos|2|La gestión prospectiva abarca las medidas que se planifican e implementan con anticipación para garantizar que no se generen nuevas condiciones de riesgo o vulnerabilidad en el desarrollo urbano y territorial.|IA_APROBADA
Geografía|MEDIA|La ecorregión del Bosque Seco Ecuatorial en el Perú se distribuye en sectores de la costa norte y se caracteriza morfológica y climáticamente por presentar:|Un clima frío de alta montaña con vegetación de pajonal|Un clima cálido y seco con precipitaciones estacionales en verano|Un clima semicálido muy húmedo con presencia de vegetación perennifolia densa|Un clima templado subhúmedo con bosques de coníferas|Un clima gélido dominado por formaciones de tundra|1|El Bosque Seco Ecuatorial (Tumbes, Piura, Lambayeque, La Libertad) presenta altas temperaturas y una estación seca prolongada, interrumpiéndose por lluvias durante los meses de verano.|IA_APROBADA
Geografía|MEDIA|La minería formal en el Perú es una actividad extractiva clave para la economía nacional. Identifique la alternativa que relaciona correctamente el yacimiento minero con su principal recurso extraído:|Antamina - Hierro|Marcona - Cobre|Yanacocha - Oro|Las Bambas - Estaño|San Rafael - Zinc|2|Yanacocha, ubicado en la región Cajamarca, ha sido uno de los yacimientos a tajo abierto más importantes del país dedicados principalmente a la extracción de oro.|IA_APROBADA
Geografía|DIFICIL|De acuerdo con los datos del Instituto Nacional de Estadística e Informática (INEI), la estructura demográfica actual del Perú refleja un proceso de transición demográfica caracterizado por:|El ensanchamiento acelerado de la base de la pirámide poblacional|El incremento de la tasa bruta de natalidad y la reducción de la esperanza de vida|Un paulatino envejecimiento poblacional acompañado del estrechamiento de la base piramidal|La reducción sustancial de la Población en Edad de Trabajar (PET)|El mantenimiento de una tasa global de fecundidad superior a 5 hijos por mujer|2|La transición demográfica en el Perú muestra una disminución constante de las tasas de natalidad y mortalidad, reduciendo la proporción de niños (base estrecha) y aumentando la proporción de adultos y adultos mayores.|IA_APROBADA
Geografía|DIFICIL|En el marco de la organización política y administrativa del territorio peruano, determine cuál de las siguientes proposiciones describe correctamente la situación actual de los niveles de gobierno:|Las regiones actuales coinciden exactamente con las macroregiones transversales aprobadas en 1980|Los departamentos vigentes constituyen la base territorial sobre la cual operan los Gobiernos Regionales|Las municipalidades provinciales están exentas del control administrativo de la contraloría general|La Provincia Constitucional del Callao carece de un Gobierno Regional propio y autónomo|El distrito de Lima Metropolitana está supeditado al Gobierno Regional de Lima Provincias|1|A través del proceso de descentralización, los 24 departamentos históricos más la Provincia Constitucional del Callao asumieron funciones de Gobiernos Regionales de forma provisional a la espera de una futura integración en macroregiones.|IA_APROBADA
Geografía|DIFICIL|El continente asiático destaca por sus contrastes altimétricos e hidrográficos. Identifique la relación correcta entre el río asiático y el cuerpo de agua donde vierte sus aguas:|Río Mékong - Océano Ártico|Río Yeniséi - Océano Índico|Río Yangtsé - Océano Pacífico|Río Indo - Mar del Japón|Río Éufrates - Mar Caspio|2|El río Yangtsé (Río Azul), el más largo de Asia, fluye hacia el este desde la meseta del Tíbet y desemboca en el Mar de la China Oriental, el cual forma parte del Océano Pacífico.|IA_APROBADA
Geografía|DIFICIL|En la geografía física del Viejo Mundo, la frontera natural y punto geopolítico de convergencia entre el sudoeste del continente europeo y el noroeste del continente africano está delimitada por:|El canal de Suez, que une el mar Rojo con el mar Mediterráneo|El estrecho de Dardanelos, que conecta el mar Egeo con el mar de Mármara|El estrecho de Gibraltar, que conecta el océano Atlántico con el mar Mediterráneo|El estrecho de Kattegat, que une el mar del Norte con el mar Báltico|El estrecho de Bosphoro, que divide la Península Arábiga del continente europeo|2|El estrecho de Gibraltar separa la península ibérica (Europa) del norte de África (Marruecos), comunicando las aguas del océano Atlántico con el mar Mediterráneo.|IA_APROBADA
Geografía|DIFICIL|El desarrollo sostenible exige conciliar el crecimiento económico, la equidad social y la preservación ambiental. ¿Cuál de las siguientes problemáticas representa la mayor externalidad ambiental negativa provocada por la minería ilegal de aluvión en la Amazonía sur del Perú?|La eutrofización masiva por la descarga irrestricta de fertilizantes fosfatados|La bioacumulación de mercurio en la fauna acuática y la deforestación de bosques primarios|La lluvia ácida provocada por emisiones masivas de dióxido de azufre industrial|La destrucción directa de la capa de ozono estratosférico por compuestos fluorados|La salinización severa de los acuíferos subterráneos por sobreexplotación hídrica|1|La minería de oro ilegal en la cuenca de Madre de Dios devasta los bosques de terraza y cauce, utilizando mercurio para azogar el metal precioso, lo cual contamina la cadena trófica de los ríos amazónicos.|IA_APROBADA
Geometría|FACIL|Sobre una linea recta se ubican los puntos consecutivos A, B, C y D. Si AB = 4 cm, BC = 6 cm y CD = 8 cm, halle la distancia entre los puntos medios de los segmentos AB y CD.|10 cm|11 cm|12 cm|13 cm|14 cm|2|El punto medio de AB dista 2 cm de B. El punto medio de CD dista 4 cm de C. La distancia entre ambos puntos medios es 2 + BC + 4 = 2 + 6 + 4 = 12 cm.|IA_APROBADA
Geometría|FACIL|En un triangulo ABC, la medida del angulo exterior en el vertice B es 130 grados y la medida del angulo interior en A es 50 grados. Calcule la medida del angulo interior en C.|60°|70°|80°|90°|100°|2|La medida de todo angulo exterior de un triangulo es igual a la suma de las medidas de los dos angulos interiores no adyacentes a el. Por lo tanto, 130° = 50° + m<C, de donde m<C = 80°.|IA_APROBADA
Geometría|FACIL|Calcule el area de una region triangular equilatera cuyo lado mide 8 cm.|8 sqrt(3) cm2|12 sqrt(3) cm2|16 sqrt(3) cm2|24 sqrt(3) cm2|32 sqrt(3) cm2|2|El area de un triangulo equilatero de lado L es (L^2 * sqrt(3)) / 4. Sustituyendo L = 8, obtenemos (64 * sqrt(3)) / 4 = 16 sqrt(3) cm2.|IA_APROBADA
Geometría|FACIL|Un cubo tiene una diagonal principal que mide 5 sqrt(3) cm. Calcule el volumen de dicho cubo.|75 cm3|100 cm3|125 cm3|150 cm3|225 cm3|2|La diagonal de un cubo de arista a es a * sqrt(3). Si la diagonal mide 5 sqrt(3) cm, entonces la arista a = 5 cm. El volumen del cubo es a^3 = 5^3 = 125 cm3.|IA_APROBADA
Geometría|FACIL|Determine la pendiente de la recta que pasa por los puntos P(1, 4) y Q(4, 10) en el plano cartesiano.|1|2|3|4|1/2|1|La pendiente m entre dos puntos (x1, y1) y (x2, y2) se calcula como m = (y2 - y1) / (x2 - x1). Sustituyendo los datos: m = (10 - 4) / (4 - 1) = 6 / 3 = 2.|IA_APROBADA
Geometría|MEDIA|En un triangulo ABC, se traza un segmento DE paralelo a BC con D en AB y E en AC. Si AD = 6 cm, DB = 3 cm y AC = 15 cm, determine la longitud del segmento EC.|3 cm|4 cm|5 cm|6 cm|10 cm|2|Por el Teorema de Tales, AD / DB = AE / EC. Si llamamos x a EC, entonces AE = 15 - x. Se tiene 6 / 3 = (15 - x) / x, lo cual simplifica a 2 = (15 - x) / x, resolviendo 2x = 15 - x, 3x = 15, x = 5 cm.|IA_APROBADA
Geometría|MEDIA|En una circunferencia de centro O, una cuerda AB tiene una longitud igual al radio r de la circunferencia. Calcule la medida del angulo inscrito ACB que subtiende al arco menor AB.|15°|30°|45°|60°|90°|1|Al ser AB = r, el triangulo AOB es equilatero, por lo que el angulo central AOB mide 60° y la medida del arco menor AB es 60°. El angulo inscrito ACB mide la mitad del arco que subtiende, es decir, 60° / 2 = 30°.|IA_APROBADA
Geometría|MEDIA|Un cilindro circular recto tiene un radio de base de 4 cm y una altura de 10 cm. Calcule el area lateral de dicho cilindro.|40 pi cm2|60 pi cm2|80 pi cm2|100 pi cm2|160 pi cm2|2|El area lateral de un cilindro circular recto se calcula mediante la formula A_L = 2 * pi * r * h. Reemplazando r = 4 cm y h = 10 cm, obtenemos A_L = 2 * pi * 4 * 10 = 80 pi cm2.|IA_APROBADA
Geometría|MEDIA|Dada la ecuacion general de la circunferencia x^2 + y^2 - 8x + 6y = 0, calcule las coordenadas de su centro y el valor de su radio.|Centro (4, -3), Radio = 5|Centro (-4, 3), Radio = 5|Centro (4, -3), Radio = 25|Centro (-4, 3), Radio = 25|Centro (8, -6), Radio = 5|0|Completando cuadrados: (x - 4)^2 - 16 + (y + 3)^2 - 9 = 0 -> (x - 4)^2 + (y + 3)^2 = 25. La ecuacion ordinaria tiene la forma (x - h)^2 + (y - k)^2 = R^2, por lo tanto el centro es (4, -3) y el radio R = sqrt(25) = 5.|IA_APROBADA
Geometría|MEDIA|Si theta es un angulo agudo tal que sen(theta) = 5/13, determine el valor de la expresion E = tan(theta) + sec(theta).|1|1.2|1.5|2|2.5|2|En un triangulo rectangulo con cateto opuesto 5 e hipotenusa 13, por Pitagoras el cateto adyacente es 12. Luego, tan(theta) = 5/12 y sec(theta) = 13/12. Sumando ambos valores: E = 5/12 + 13/12 = 18/12 = 1.5.|IA_APROBADA
Geometría|DIFICIL|Resuelva la siguiente ecuacion trigonometrica para un angulo agudo x: 2 cos^2(x) + 3 sen(x) - 3 = 0. Halle la medida de x.|15°|30°|45°|60°|75°|1|Usando la identidad cos^2(x) = 1 - sen^2(x): 2(1 - sen^2(x)) + 3 sen(x) - 3 = 0 -> 2 - 2 sen^2(x) + 3 sen(x) - 3 = 0 -> 2 sen^2(x) - 3 sen(x) + 1 = 0. Factorizando: (2 sen(x) - 1)(sen(x) - 1) = 0. Dado que x debe ser un angulo agudo (0° < x < 90°), descartamos sen(x) = 1 (x = 90°) y tomamos sen(x) = 1/2, de lo cual x = 30°.|IA_APROBADA
Geometría|DIFICIL|En una circunferencia, dos cuerdas AB y CD se intersecan en el punto interior P. Si AP = x, PB = x + 3, CP = x - 1 y PD = x + 8, halle el valor de x.|1|2|3|4|5|1|Por el Teorema de las Cuerdas, AP * PB = CP * PD. Sustituyendo los datos: x(x + 3) = (x - 1)(x + 8) -> x^2 + 3x = x^2 + 7x - 8 -> 3x = 7x - 8 -> 4x = 8 -> x = 2.|IA_APROBADA
Geometría|DIFICIL|Un cono recto de revolucion tiene un radio de base de 6 cm y una altura de 8 cm. Se inscribe una esfera en dicho cono. Calcule el radio de la esfera inscrita.|2 cm|2.5 cm|3 cm|3.5 cm|4 cm|2|La generatriz del cono g = sqrt(6^2 + 8^2) = 10 cm. El radio r_e de la esfera inscrita en un cono recto viene dado por la relacion r_e = (R * h) / (R + g), donde R es el radio de la base, h la altura y g la generatriz. Reemplazando: r_e = (6 * 8) / (6 + 10) = 48 / 16 = 3 cm.|IA_APROBADA
Geometría|DIFICIL|Halle la ecuacion de la parabola cuyo vertice es el origen V(0,0), su eje focal coincide con el eje Y, y pasa por el punto P(6, 3).|x^2 = 6y|x^2 = 12y|y^2 = 12x|x^2 = 3y|y^2 = 6x|1|Como el eje focal es el eje Y y el vertice es (0,0), la ecuacion es de la forma x^2 = 4py. Al pasar por P(6, 3), se satisface 6^2 = 4p(3) -> 36 = 12p -> p = 3. Sustituyendo el valor de p, la ecuacion de la parabola es x^2 = 12y.|IA_APROBADA
Geometría|DIFICIL|En un triangulo ABC, se trazan las cevianas interiores AD, BE y CF concurrentes en un punto interior O. Si AF / FB = 3 / 2 y BD / DC = 4 / 3, determine la relacion CE / EA.|1/4|1/3|1/2|2/3|2|2|Por el Teorema de Ceva, (AF / FB) * (BD / DC) * (CE / EA) = 1. Sustituyendo los valores dados: (3 / 2) * (4 / 3) * (CE / EA) = 1 -> 2 * (CE / EA) = 1 -> CE / EA = 1/2.|IA_APROBADA
Habilidad Lógico-Matemática|FACIL|¿Qué parentesco tiene conmigo el único hijo del suegro del esposo de mi hermana, si mi hermana no tiene otros hermanos varones más que yo?|Mi tío|Yo mismo|Mi hermano|Mi padre|Mi primo|1|El esposo de mi hermana tiene como suegro a mi padre. El único hijo varón de mi padre soy yo mismo.|IA_APROBADA
Habilidad Lógico-Matemática|FACIL|Se tienen tres dados normales ubicados sobre una mesa de madera. Si se observan todas las caras visibles de los tres dados, ¿cuál es la suma máxima de los puntos que no se pueden ver?|18|21|15|12|24|0|En cada dado normal, la cara inferior apoyada en la mesa es la única que no se ve. Para maximizar dicha suma, en la base de cada uno debe ubicarse la cara con 6 puntos, resultando 6 + 6 + 6 = 18.|IA_APROBADA
Habilidad Lógico-Matemática|FACIL|Cuatro amigos (Ana, Beto, Carla y Daniel) viven en un edificio de cuatro pisos, cada uno en un piso diferente. Se sabe que Carla vive más arriba que Ana, Beto vive en el primer piso y Daniel vive un piso más abajo que Carla. ¿En qué piso vive Ana?|Primer piso|Segundo piso|Tercer piso|Cuarto piso|No se puede determinar|1|Beto vive en el 1.er piso. Como Carla vive un piso más arriba que Daniel y ambos están por encima de Ana, Daniel ocupa el 3.er piso y Carla el 4.to piso, dejando el 2.do piso para Ana.|IA_APROBADA
Habilidad Lógico-Matemática|FACIL|Se ubican los números 1, 2, 3, 4 y 5 en una fila de 5 casilleros contiguos, uno en cada casillero. Si la suma de los tres primeros números es 10 y la suma de los tres últimos números es 8, ¿qué número está en la casilla central?|1|2|3|4|5|2|Sumando los tres primeros y los tres últimos casilleros obtenemos la suma total más el casillero central contado dos veces: 10 + 8 = 18. Como 1 + 2 + 3 + 4 + 5 = 15, el valor del casillero central es 18 - 15 = 3.|IA_APROBADA
Habilidad Lógico-Matemática|FACIL|Si el ayer del mañana del subsiguiente día de hace 2 días fue jueves, ¿qué día de la semana será el mañana del posterior día a hoy?|Viernes|Sábado|Domingo|Lunes|Jueves|1|Expresando en equivalentes numéricos respecto a hoy (0): (-1) + (+1) + (+2) + (-2) = 0, por lo que Hoy es Jueves. Nos piden el mañana (+1) del posterior día (+1) a hoy, que equivale a +2 días: Jueves + 2 días = Sábado.|IA_APROBADA
Habilidad Lógico-Matemática|MEDIA|Cuatro sospechosos de haber tomado un cuaderno son interrogados y declaran lo siguiente: Abel dice que Boris tomó el cuaderno; Boris dice que Daniel tomó el cuaderno; Carlos dice que él no tomó el cuaderno; Daniel dice que Boris miente al decir que él lo tomó. Si solo uno de ellos dice la verdad y solo uno tomó el cuaderno, ¿quién tomó el cuaderno?|Abel|Boris|Carlos|Daniel|No se puede determinar|2|Las declaraciones de Boris y Daniel son contradictorias, por lo que una es verdadera y la otra es falsa. Al haber una sola verdad en total, se deduce que Abel y Carlos mienten. Como Carlos miente al decir 'Yo no tomé el cuaderno', se concluye que Carlos fue quien lo tomó.|IA_APROBADA
Habilidad Lógico-Matemática|MEDIA|A qué hora, entre las 4 y las 5 de la tarde, las agujas de un reloj (horario y minutero) forman por primera vez un ángulo de 60 grados?|4 h 10 10/11 min|4 h 12 2/11 min|4 h 32 8/11 min|4 h 15 min|4 h 20 min|0|A las 4:00 el ángulo inicial entre las agujas es de 120 grados. Para formar 60 grados por primera vez, el minutero debe recortar una diferencia de 60 grados. A una velocidad relativa de 11/2 grados por minuto, el tiempo requerido es t = 60 / (11/2) = 120/11 = 10 10/11 minutos.|IA_APROBADA
Habilidad Lógico-Matemática|MEDIA|Un carpintero tiene un listón de madera de 120 cm de largo y desea obtener trozos de 15 cm cada uno. Si por cada corte recto cobra 4 soles y se tarda 3 minutos, ¿cuánto cobrará y cuánto tiempo demorará en total si solo realiza cortes individuales sobre el listón?|28 soles y 21 minutos|32 soles y 24 minutos|28 soles y 24 minutos|24 soles y 21 minutos|32 soles y 21 minutos|0|Para dividir un listón en 120 / 15 = 8 trozos se realizan 8 - 1 = 7 cortes rectos. Cobro total: 7 x 4 = 28 soles. Tiempo total: 7 x 3 = 21 minutos.|IA_APROBADA
Habilidad Lógico-Matemática|MEDIA|Halle la suma de las cifras del resultado de la siguiente operación: E = (999...995)^2 donde la base es un número formado por 20 cifras en total (diecinueve nueves y un cinco final).|171|178|180|169|187|1|Por razonamiento inductivo, al elevar al cuadrado un número de n cifras compuesto por (n-1) nueves y terminado en 5, el resultado posee (n-1) nueves, (n-1) ceros, un 2 y un 5. Para n = 20: suma de cifras = 19 x 9 + 0 + 2 + 5 = 171 + 7 = 178.|IA_APROBADA
Habilidad Lógico-Matemática|MEDIA|Un caminante parte del punto A y avanza 6 km hacia el Norte, luego 8 km hacia el Este, después 12 km hacia el Sur y finalmente 16 km hacia el Oeste, llegando al punto B. ¿A qué distancia en línea recta se encuentra el punto B respecto al punto A?|10 km|12 km|14 km|16 km|20 km|0|En el eje vertical el desplazamiento neto es 6 - 12 = -6 km (Sur). En el eje horizontal es 8 - 16 = -8 km (Oeste). La distancia recta es la hipotenusa: sqrt((-6)^2 + (-8)^2) = 10 km.|IA_APROBADA
Habilidad Lógico-Matemática|DIFICIL|Se desea cercar un terreno rectangular adosado a una pared recta ya existente, utilizando 80 metros de malla metálica para los tres lados restantes. ¿Cuál es el área máxima en metros cuadrados que se puede cercar?|400 m²|600 m²|800 m²|1000 m²|1600 m²|2|Sean x los dos lados perpendiculares a la pared. El lado paralelo mide 80 - 2x. El área es A(x) = x(80 - 2x) = 80x - 2x². El valor máximo de esta parábola ocurre en x = 20, con lo cual el área máxima es 20 x 40 = 800 m².|IA_APROBADA
Habilidad Lógico-Matemática|DIFICIL|Tres ruedas dentadas A, B y C están concatenadas en serie (A engrana con B, y B engrana con C). La rueda A tiene 20 dientes, B tiene 40 dientes y C tiene 60 dientes. Si la rueda A da 90 vueltas en un minuto, ¿cuántas vueltas dará la rueda C en ese mismo tiempo?|15|30|45|60|180|1|En engranajes en contacto, el producto del número de dientes por el número de vueltas permanece constante: N_A x V_A = N_C x V_C. Sustituyendo los datos: 20 x 90 = 60 x V_C, de donde V_C = 30 vueltas.|IA_APROBADA
Habilidad Lógico-Matemática|DIFICIL|En una urna se tienen 10 bolillas rojas, 12 bolillas azules, 15 bolillas verdes y 8 bolillas blancas. ¿Cuál es el número mínimo de bolillas que se deben extraer al azar para tener la certeza de haber extraído al menos 5 bolillas de cada uno de los cuatro colores?|39|40|41|42|45|3|En el peor de los casos, se extraen todas las bolillas de los tres colores con mayor cantidad (15 verdes + 12 azules + 10 rojas = 37) y solo 4 de las blancas, sumando 41 extracciones sin completar la condición. La siguiente extracción (la N.° 42) será necesariamente blanca, asegurando las 5 de cada color.|IA_APROBADA
Habilidad Lógico-Matemática|DIFICIL|En un cuadrado ABCD de lado 12 cm, se traza una semicircunferencia interior tomando como diámetro el lado AB. Desde el vértice C se traza una recta tangente a dicha semicircunferencia en el punto T. Halle la longitud del segmento CT.|6 cm|8 cm|10 cm|12 cm|6√5 cm|3|El centro O del diámetro AB está en su punto medio, por lo que el radio es r = 6 cm. En el triángulo rectángulo CBO, la distancia CO es sqrt(12² + 6²) = sqrt(180) cm. Dado que OT es perpendicular a CT, por el teorema de Pitágoras en el triángulo OTC: CT = sqrt(CO² - r²) = sqrt(180 - 36) = sqrt(144) = 12 cm.|IA_APROBADA
Habilidad Lógico-Matemática|DIFICIL|Tres misioneros y tres caníbales desean cruzar un río usando un bote donde solo caben como máximo dos personas. Si en cualquier orilla o en el bote los caníbales superan en número a los misioneros, estos últimos serán comidos. ¿Cuál es el número mínimo de viajes que debe realizar el bote para trasladar a las seis personas a la otra orilla sin que ocurra ningún incidente?|9|11|13|15|7|1|La estrategia clásica de cruce seguro para 3 misioneros y 3 caníbales con un bote para 2 personas requiere exactamente 11 viajes de ida y vuelta para no dejar nunca en minoría a los misioneros en ninguna orilla.|IA_APROBADA
Habilidad Verbal|FACIL|Señale la alternativa donde la palabra 'cabeza' sea empleada en sentido connotativo.|Sufrió una herida leve en la cabeza tras la caída.|El cirujano examinó detenidamente la cabeza del paciente.|Mario es la cabeza del proyecto de investigación biológica.|Llevaba un sombrero de paja para protegerse la cabeza.|Le dolía la cabeza debido a la falta de sueño.|2|Se utiliza 'cabeza' en sentido figurado o connotativo para referirse al líder o director del proyecto.|IA_APROBADA
Habilidad Verbal|FACIL|En el contexto: 'El científico presentó una hipótesis plausible que captó de inmediato el interés de la comunidad académica', el término PLAUSIBLE connota un sentido de:|improbable|razonable|falsa|complicada|incoherente|1|En el texto, 'plausible' alude a una propuesta o hipótesis que resulta creíble, admisible o razonable para la comunidad.|IA_APROBADA
Habilidad Verbal|FACIL|En la oración 'Su actitud fue francamente hostil durante toda la reunión de negociación', el antónimo contextual de HOSTIL es:|agresiva|amigable|indiferente|distante|severa|1|'Hostil' expresa enemistad o rechazo, por lo que su antónimo contextual exacto es una actitud amigable o acogedora.|IA_APROBADA
Habilidad Verbal|FACIL|Texto: 'La deforestación en la Amazonía aumentó un 15% en el último año debido principalmente a la expansión agrícola no regulada.' ¿Qué afirmación es literalmente compatible con el texto?|La agricultura regulada causó toda la deforestación amazónica.|La deforestación en la Amazonía se ha reducido en el último año.|La expansión agrícola no regulada influyó en el aumento de la deforestación.|La Amazonía perdió el 15% de toda su cobertura vegetal histórica.|La actividad agrícola es la única causa del calentamiento global.|2|El texto señala expresamente que el incremento de la deforestación obedece a la expansión agrícola no regulada.|IA_APROBADA
Habilidad Verbal|FACIL|Texto: 'El reciclaje sistemático de plásticos no solo reduce la contaminación de los ecosistemas marinos, sino que también genera un ahorro significativo de energía en los procesos industriales.' ¿Cuál es el tema central del texto?|El proceso químico detallado de la fabricación de plásticos.|Los beneficios ecológicos e industriales del reciclaje de plástico.|El impacto destructivo de la contaminación en la fauna marina.|La historia de la industria petroquímica en el siglo XXI.|La escasez de políticas públicas sobre el uso de materiales sintéticos.|1|El texto aborda de manera coordinada los dos grandes beneficios del reciclaje de plástico: la reducción de la contaminación marina (ecológico) y el ahorro energético (industrial).|IA_APROBADA
Habilidad Verbal|MEDIA|Texto: 'A pesar del constante incremento en la inversión estatal para modernizar la infraestructura vial, los accidentes de tránsito no han disminuido debido a la imprudencia recurrente de los peatones y conductores.' Se infiere que la modernización de la infraestructura vial:|Resulta totalmente irrelevante para la seguridad pública.|Ha eliminado por completo los accidentes en las autopistas.|Constituye una condición suficiente para erradicar los accidentes.|No garantiza por sí sola la reducción de la siniestralidad vial.|Incentiva el incremento de la imprudencia en los conductores.|3|Dado que los accidentes persisten debido al factor humano a pesar del gasto en infraestructura, se deduce que la obra física por sí sola no garantiza la reducción de los accidentes.|IA_APROBADA
Habilidad Verbal|MEDIA|Texto y gráfico: Un reporte estadístico incluye una barra donde el País X registra un 8% de desempleo juvenil y el País Y un 22%. El texto adjunto explica que los países con mayor porcentaje de egresados técnicos insertados en el mercado laboral logran aminorar el desempleo. Si el País X duplicó la oferta de becas técnicas en comparación con el País Y, es compatible afirmar que:|El País Y ostenta la menor tasa de desempleo juvenil del continente.|La formación técnica no influye en los niveles de desempleo laboral.|La menor tasa del País X se vincula con un mayor impulso a la educación técnica.|El País Y logró superar al País X en la creación de puestos directivos.|El desempleo juvenil en el País X es casi el triple del registrado en el País Y.|2|Los datos cuantitativos y el texto respaldan la relación directa entre mayor fomento técnico e inserción y menor tasa de desempleo en el País X.|IA_APROBADA
Habilidad Verbal|MEDIA|Texto A: 'Es urgente regular estrictamente los sistemas de inteligencia artificial para prevenir la difusión masiva de noticias falsas y el desempleo.' Texto B: 'Imponer regulaciones asfixiantes a la inteligencia artificial frena la innovación y destruye la competitividad en el mercado global.' Ambos autores discrepan sustancialmente sobre:|La existencia real de herramientas de inteligencia artificial.|Los efectos pedagógicos de la tecnología en la educación superior.|La conveniencia y necesidad de aplicar regulaciones a la inteligencia artificial.|El origen histórico de los algoritmos de aprendizaje profundo.|La erradicación definitiva del trabajo humano mediante computadoras.|2|El punto central de contradicción entre A y B radica en si se debe regular normativamente la IA o si ello resulta perjudicial para la innovación.|IA_APROBADA
Habilidad Verbal|MEDIA|Text: 'Recent clinical trials demonstrate that regular aerobic exercise improves executive cognitive functions and substantially decreases stress levels in working adults.' According to the text, what is a documented effect of regular exercise?|It causes dangerously high stress responses.|It severely impairs human memory retention.|It enhances executive cognitive performance.|It is only effective in adolescent populations.|It suppresses the body's need for daily sleep.|2|The text states that exercise 'improves executive cognitive functions', which directly means that it enhances executive cognitive performance.|IA_APROBADA
Habilidad Verbal|MEDIA|En el texto: 'El joven dramaturgo no aspiraba al aplauso efímero del público de ocasión, sino a la permanencia atemporal de su producción teatral en la historia', la expresión APLAUSO EFÍMERO connota:|Un reconocimiento académico de validez universal.|Una crítica severa emitida por la prensa especializada.|Un elogio circunstancial y de muy corta duración.|Un apoyo financiero otorgado por patronazgos estatales.|Un repudio categórico por parte de los espectadores.|2|'Efímero' designa aquello pasajero o de breve duración; en oposición a la 'permanencia atemporal', alude a alabanzas momentáneas.|IA_APROBADA
Habilidad Verbal|DIFICIL|Texto: 'La física moderna revolucionó la noción de espacio y tiempo al probar que no son absolutos ni independientes, sino relativos al estado de movimiento del observador.' Si el espacio y el tiempo poseyeran propiedades absolutas e inalterables frente a cualquier observador, entonces:|El ritmo del paso del tiempo variaría con la velocidad del observador.|Los postulados fundamentales de Einstein mantendrían su plena vigencia.|Las leyes de la mecánica clásica habrían sido refutadas de inmediato.|El tiempo transcurriría de manera idéntica para todos los marcos de referencia.|La velocidad de la luz dependería únicamente de la temperatura ambiental.|3|Al extrapolar la hipótesis de que el tiempo es absoluto, se concluye lógicamente que su transcurso no cambiaría según el observador y sería idéntico para todos.|IA_APROBADA
Habilidad Verbal|DIFICIL|Texto: 'La fuga de cerebros afecta gravemente a las naciones en desarrollo porque los investigadores altamente capacitados migran hacia países ricos en busca de infraestructura adecuada y salarios competitivos.' Si un país en desarrollo incrementara masivamente la inversión en laboratorios y salarios para científicos, es de esperar que:|Se incremente la emigración de sus profesionales altamente cualificados.|Se atenúe sustancialmente el fenómeno de emigración de talentos científicos.|Los científicos extranjeros rechacen cualquier convenio de cooperación internacional.|La producción de patentes e innovaciones locales colapse de forma irreversible.|Las universidades estatales cierren sus programas de posgrado e investigación.|1|Dado que las causas de la fuga son los salarios bajos y la falta de infraestructura, al revertir directamente estas condiciones la emigración científica se atenuaría.|IA_APROBADA
Habilidad Verbal|DIFICIL|Texto: 'Aunque la automatización robótica incrementa notablemente la productividad industrial, desplaza de forma drástica a la mano de obra no cualificada. Sin una reforma educativa orientada a la capacitación tecnológica continua, este desfase derivará en una brecha de desigualdad socioeconómica insostenible.' La intención principal del autor es:|Promover la prohibición total del uso de robots en las fábricas modernas.|Demostrar que la educación universitaria tradicional ha perdido todo valor.|Advertir sobre la urgente necesidad de reestructurar la formación laboral ante la tecnología.|Exigir el despido inmediato de los trabajadores que no manejen algoritmos.|Celebrar la expansión ininterrumpida del libre mercado en países en desarrollo.|2|El autor expone el problema (desplazamiento por automatización) y su consecuencia desigual para argumentar y advertir que la solución requiere reformar la educación laboral.|IA_APROBADA
Habilidad Verbal|DIFICIL|Texto A: 'Las plantas nucleares son indispensables en la transición energética porque producen electricidad de forma continua sin emitir dióxido de carbono a la atmósfera.' Texto B: 'La energía nuclear implica riesgos catastróficos de radiación y deja residuos tóxicos activos durante milenios, por lo que no es una alternativa limpia ni segura.' El Texto B mina el argumento del Texto A al sostener que:|Las centrales nucleares no generan ningún tipo de residuo en su operación.|Los costos de instalación de las energías renovables son inasumibles.|La evaluación del impacto de la energía nuclear debe considerar los riesgos y residuos a largo plazo.|Las emisiones de carbono son el único factor determinante de la seguridad ambiental.|Las plantas de carbón son más ecológicas que las instalaciones nucleares modernas.|2|El Texto B refuta la idea de que la energía nuclear sea la solución limpia mostrando que produce riesgos de radiación y desechos peligrosos durante milenios.|IA_APROBADA
Habilidad Verbal|DIFICIL|Text: 'While telecommuting provides employees with flexible schedules and eliminates long daily commutes, it can also induce psychological isolation and blur the boundaries between work and personal life.' Which statement is INCOMPATIBLE with the passage?|Telecommuting may cause workers to experience feelings of social isolation.|The elimination of daily commuting is a recognized benefit of remote work.|Telecommuting guarantees absolute psychological well-being and zero stress.|Flexible working hours are associated with telecommuting environments.|Remote workers might struggle to maintain a clear line between job and home.|2|The text points out drawbacks like psychological isolation and blurred work-life boundaries; claiming it 'guarantees absolute psychological well-being and zero stress' directly contradicts the passage.|IA_APROBADA
Historia Universal|FACIL|El Homo habilis es considerado un hito crucial en el proceso de hominización debido principalmente a que fue el primer homínido en|desarrollar el lenguaje articulado complejo|elaborar herramientas de piedra de manera intencional|dominar y producir fuego de forma controlada|practicar sepulturas y entierros funerarios rituales|migrar fuera del continente africano hacia Eurasia|1|El Homo habilis destaca en la hominización por ser el primer homínido con la capacidad de fabricar deliberadamente utensilios de piedra (industria lítica Olduvayense).|IA_APROBADA
Historia Universal|FACIL|La civilización del antiguo Egipto floreció a lo largo del río Nilo, cuya crecida anual permitía fertilizar los suelos agrícolas mediante el depósito de|limo|guano|salitre|arcilla|humus sintético|0|Las crecidas periódicas del río Nilo depositaban una capa de barro fértil denominado limo, el cual permitía un alto rendimiento agrícola en el antiguo Egipto.|IA_APROBADA
Historia Universal|FACIL|Durante el siglo V a. C., conocido como el Siglo de Pericles, la polis de Atenas alcanzó su máximo esplendor cultural y consolidó el sistema político de la|oligarquía militar|democracia directa|monarquía absoluta|timocracia censitaria|tiranía hereditaria|1|Bajo el liderazgo de Pericles, Atenas consolidó la democracia directa, donde los ciudadanos participaban e intervenían activamente en las decisiones de la Asamblea (Ekklesía).|IA_APROBADA
Historia Universal|FACIL|En la Europa medieval, el sistema feudal se basaba en la concesión de tierras o feudos a cambio de lealtad y servicio militar. Este vínculo jurídico-político entre nobles se denominó|servidumbre|vasallaje|manumisión|ostracismo|patronato|1|El vasallaje era la relación feudo-vasallática establecida entre un señor y su vasallo mediante los ritos del homenaje y la investidura.|IA_APROBADA
Historia Universal|FACIL|El hecho histórico que desencadenó el inicio de la Primera Guerra Mundial en junio de 1914 fue el atentado de Sarajevo, en el cual fue asesinado el archiduque|Guillermo II de Alemania|Francisco Fernando de Austria|Nicolás II de Rusia|Leopoldo II de Bélgica|Otto von Bismarck|1|El asesinato del archiduque Francisco Fernando, heredero al trono del Imperio austrohúngaro, en Sarajevo a manos del nacionalista serbio Gavrilo Princip fue el detonante de la Gran Guerra.|IA_APROBADA
Historia Universal|MEDIA|Para determinar la autenticidad, procedencia y valor histórico de monedas, medallas y sellos antiguos, el historiador recurre fundamentalmente a la ciencia auxiliar denominada|Epigrafía|Paleografía|Numismática|Diplomática|Heráldica|2|La Numismática es la ciencia auxiliar de la historia dedicada al estudio y análisis de las monedas, medallas y fichas antiguas.|IA_APROBADA
Historia Universal|MEDIA|El Código de Hammurabi, uno de los conjuntos de leyes escritas más antiguos del mundo babilónico, refleja una estructura social sumamente jerarquizada y se caracteriza jurídicamente por la aplicación de|el principio del juicio por jurados populares|la Ley del Talión basada en la reciprocidad exacta|la abolición total de la esclavitud por deudas|la igualdad de derechos entre hombres y mujeres|la imposición de penas exclusivamente pecuniarias|1|El Código de Hammurabi consagró la Ley del Talión ('ojo por ojo, diente por diente'), aunque la gravedad de la pena variaba según la clase social de la víctima y del infractor.|IA_APROBADA
Historia Universal|MEDIA|Las Guerras Púnicas (264 a. C. - 146 a. C.) enfrentaron a la República romana contra Cartago. La victoria final de Roma le permitió afianzar su hegemonía comercial y militar sobre|el mar Báltico|el mar del Norte|el mar Rojo|el mar Mediterráneo|el mar Negro|3|La derrota definitiva de Cartago convirtió a Roma en la potencia dominante en la cuenca del mar Mediterráneo, mar que posteriormente pasaron a llamar 'Mare Nostrum'.|IA_APROBADA
Historia Universal|MEDIA|En el siglo XI, la Iglesia cristiana sufrió la división definitiva entre la Iglesia católica romana de Occidente y la Iglesia ortodoxa de Oriente, acontecimiento histórico conocido como el|Cisma de Aviñón|Concilio de Trento|Cisma de Oriente|Edicto de Tesalónica|Edicto de Milán|2|En 1054 se produjo el Cisma de Oriente o Cisma de 1054, ruptura formal entre el patriarca de Constantinopla y el papa de Roma por disputas teológicas y de autoridad eclesiástica.|IA_APROBADA
Historia Universal|MEDIA|La Reforma Protestante iniciada por Martín Lutero en 1517 cobró impulso a raíz de la publicación de sus 95 tesis en Wittenberg, en las cuales criticaba severamente|la doctrina de la predestinación divina|la venta de indulgencias eclesiales|la traducción de la Biblia al alemán|la celebración del Concilio de Nicea|el patronato regio de los monarcas|1|Lutero cuestionó duramente el tráfico y la comercialización de indulgencias promovido por la Iglesia católica romana para la remisión de los castigos temporales de los pecados.|IA_APROBADA
Historia Universal|DIFICIL|Durante la etapa de la Convención Nacional de la Revolución Francesa, el sector radical de los jacobinos, liderado por Maximilien Robespierre, instauró el periodo del 'Terror' con la finalidad principal de|restaurar la monarquía absoluta del Antiguo Régimen|eliminar las amenazas de la contrarrevolución interna y externa|firmar la paz incondicional con Gran Bretaña y Austria|descentralizar el poder político hacia las provincias|promover la libertad irrestricta del comercio de granos|1|El gobierno del Terror (1793-1794) recurrió a la represión drástica a través de instituciones como el Comité de Salvación Pública para aplastar las revueltas contrarrevolucionarias internas y defender la República de la invasión de potencias extranjeras.|IA_APROBADA
Historia Universal|DIFICIL|Las Revoluciones de 1848 en Europa, también conocidas como la 'Primavera de los Pueblos', se caracterizaron políticamente por la confluencia inédita de reivindicaciones de carácter|absolutista, feudal y mercantilista|liberal, nacionalista y obrero-democrático|conservador, imperialista y colonial|anarquista, teocrático y fisiócrata|feudal, corporativo y gremial|1|Las revoluciones de 1848 articularon exigencias del liberalismo político (constitucionalismo), movimientos nacionalistas (unificaciones germánica e italiana) y las primeras demandas populares y democráticas de la clase obrera.|IA_APROBADA
Historia Universal|DIFICIL|En el contexto de la Revolución Rusa de 1917, la consigna 'Todo el poder a los soviets', planteada por Lenin en las Tesis de Abril, buscaba romper con el modelo político representado por|la autocracia zarista de Nicolás II|el gobierno provisional de Aleksandr Kerenski|el ejército blanco contrarrevolucionario|la policía secreta del zarismo|la dictadura militar de Lavr Kornílov|1|Lenin rechazó la colaboración con el Gobierno Provisional burgués presidio por Kerenski y propuso que los soviets de obreros, campesinos y soldados asumieran el poder absoluto constituyendo un Estado socialista.|IA_APROBADA
Historia Universal|DIFICIL|En los inicios de la Guerra Fría, la puesta en marcha del Plan Marshall (1947) por parte de los Estados Unidos tenía como objetivo estratégico fundamental|financiar la reconstrucción de Asia tras la ocupación japonesa|reconstruir las economías europeas para frenar la expansión del comunismo|crear una alianza militar ofensiva en el continente americano|garantizar el monopolio nuclear frente a la Unión Soviética|desmantelar de forma pacífica los imperios coloniales europeo-occidentales|1|El Plan Marshall fue un programa de ayuda económica estadounidense para la reconstrucción de Europa occidental, diseñado para estabilizar la región e impedir el avance político y social del comunismo impulsado por la URSS.|IA_APROBADA
Historia Universal|DIFICIL|La Conferencia de Bandung, celebrada en Indonesia en 1955 con la participación de delegaciones de países afroasiáticos, constituye un hito clave en el proceso de descolonización porque sentó las bases para|la creación de la Organización de los Estados Americanos (OEA)|el surgimiento del Movimiento de Países No Alineados|la firma del Tratado de Roma que creó la Comunidad Económica Europea|la integración militar del Pacto de Varsovia en el Tercer Mundo|la división territorial definitiva del continente africano|1|La Conferencia de Bandung promovió la neutralidad activa frente a los bloques del Este y del Oeste en la Guerra Fría y el apoyo explícito a las luchas anticoloniales, derivando en la constitución formal del Movimiento de Países No Alineados (NOAL).|IA_APROBADA
Historia del Perú|FACIL|¿Cuál es considerada la civilización más antigua de América, caracterizada por su arquitectura monumental precerámica ubicada en el valle de Supe?|Chavín|Caral|Moche|Tiahuanaco|Huari|1|Caral, estudiada extensamente en el valle de Supe (Lima), es considerada la civilización más antigua de América (aproximadamente 3000 a.C.), correspondiente al periodo Arcaico Tardío precerámico.|IA_APROBADA
Historia del Perú|FACIL|Durante el Periodo Formativo andino, la cultura Chavín difundió un culto religioso panandino basado principalmente en la iconografía de seres mitológicos con rasgos de:|Auquénidos y aves marinas|Felinos, serpientes y aves de rapiña|Peces de agua dulce y roedores|Anfibios y camélidos sudamericanos|Insectos y moluscos marinos|1|La religión y el arte de la cultura Chavín se caracterizan por la combinación estilizada de rasgos antroposomos con elementos de felinos (puma/jaguar), serpientes y aves de rapiña (cóndor/falcónidos).|IA_APROBADA
Historia del Perú|FACIL|La organización económica del Imperio del Tawantinsuyo se fundamentó principalmente en el trabajo comunitario del ayllu y en los principios de:|Comercio monetizado internacional|Reciprocidad y redistribución|Propiedad privada de la tierra|Mercantilismo y exportación|Tributación libre en metales preciosos|1|El Estado incaico basó su economía social en la reciprocidad (ayni y minka a nivel comunal) y en la redistribución estatal ejercida por las autoridades imperialistas sobre los excedentes agrícolas y manufacturados.|IA_APROBADA
Historia del Perú|FACIL|El Virreinato del Perú fue oficialmente creado en 1542 mediante la promulgación de un cuerpo normativo emitido por el rey Carlos I de España, denominado:|Capitulaciones de Toledo|Leyes de Indias de Cádiz|Leyes Nuevas|Reformas Borbónicas|Ordenanzas de Sevilla|2|Las Leyes Nuevas de 1542 decretaron la creación del Virreinato del Perú y buscaron reorganizar el gobierno de las Indias reduciendo el poder de los encomenderos.|IA_APROBADA
Historia del Perú|FACIL|Durante la denominada Era del Guano en el siglo XIX peruano, el gobernante que logró la consolidación de la deuda interna y la organización de la hacienda pública fue:|José Balta|Ramón Castilla|Manuel Pardo y Lavalle|Mariano Ignacio Prado|Nicolás de Piérola|1|Durante sus gobiernos, Ramón Castilla dio estabilidad política, promulgó la Ley de Consolidación de la Deuda Interna y organizó el primer presupuesto nacional sustentado en los ingresos del guano.|IA_APROBADA
Historia del Perú|MEDIA|El Tratado de Alianza Defensiva de 1873, suscrito entre las repúblicas de Perú y Bolivia antes de la Guerra del Pacífico, tuvo como propósito central:|Anexar los territorios salitreros de Antofagasta a la soberanía peruana|Garantizar la mutua defensa territorial ante eventuales agresiones de potencias extranjeras|Establecer un monopolio estatal bilateral sobre la comercialización del guano|Facilitar el tránsito de fuerzas militares sobre el altiplano andino|Financiar conjuntamente la construcción del red ferroviaria del sur|1|El Tratado Defensivo Secreto de 1873 buscaba establecer un mecanismo de disuasión y defensa mutua soberana entre el Perú y Bolivia ante cualquier afán expansionista en la región.|IA_APROBADA
Historia del Perú|MEDIA|Durante el gobierno del Oncenio de Augusto B. Leguía (1919-1930), la Ley de Conscripción Vial originó fuerte descontento popular debido a que:|Exigía a los obreros urbanos trabajar gratuitamente en fábricas estatales|Obligaba a los campesinos indígenas a brindar trabajo forzado no remunerado en obras viales|Prohibía la llegada de capitales estadounidenses para obras públicas|Expropió las tierras de los latifundistas costeños sin compensación|Incrementó los impuestos directos exclusivamente a la clase media limeña|1|La Ley de Conscripción Vial obligaba a los varones de 18 a 60 años (lo que afectó desproporcionadamente a los indígenas rurales) a trabajar gratuitamente en la construcción de carreteras, reviviendo el trabajo forzoso.|IA_APROBADA
Historia del Perú|MEDIA|En el contexto del descontento social que desencadenó la rebelión de Túpac Amaru II (1780-1781), una de las medidas fiscales de las Reformas Borbónicas que afectó directamente el comercio regional andino fue:|La anulación total del tributo pagado por los indígenas|El establecimiento de aduanas interiores y el alza del impuesto de la alcabala|La supresión definitiva de los repartos mercantiles a cargo de los corregidores|La estatización de las minas de plata de Potosí y Huancavelica|La expropiación de las tierras comunales a manos de la Iglesia católica|1|Las Reformas Borbónicas incrementaron la alcabala y crearon aduanas interiores, lo que perjudicó las rutas comerciales del sur andino articuladas por arrieros y comerciantes indígenas como Túpac Amaru II.|IA_APROBADA
Historia del Perú|MEDIA|El ideario político formulado por Víctor Raúl Haya de la Torre con la fundación del APRA en 1924 se caracterizó doctrinalmente por su llamado a:|Un corporativismo de corte fascista contrario a los sindicatos|La lucha contra el imperialismo y la unidad política de América Latina (Indoamérica)|La subordinación ideológica a los postulados del Comintern de Moscú|El libre comercio absoluto sin intervención ni regulación del Estado|El restablecimiento del orden monárquico virreinal en el Perú|1|El programa máximo del APRA planteó cinco puntos fundamentales entre los que destacaban la acción contra el imperialismo y la unificación política de América Latina o Indoamérica.|IA_APROBADA
Historia del Perú|MEDIA|La Ley de Reforma Agraria (Decreto Ley 17716) promulgada en 1969 por el Gobierno Revolucionario de las Fuerzas Armadas al mando de Juan Velasco Alvarado produjo como impacto estructural:|El afianzamiento del sistema de latifundios oligárquicos en la costa peruana|La eliminación de la burguesía agraria tradicional y la erradicación del gamonalismo|La privatización rápida de las comunidades campesinas a favor de transnacionales|El incremento inmediato del rendimiento agroexportador en el norte peruano|La restitución de encomiendas coloniales a los campesinos serranos|1|La Reforma Agraria de Velasco Alvarado expropió los grandes fundos y latifundios tanto costeños como serranos, desarticulando el poder de la oligarquía agroexportadora y del gamonalismo tradicional.|IA_APROBADA
Historia del Perú|DIFICIL|A diferencia de la fase Paracas Cavernas, la etapa de Paracas Necrópolis se distingue fundamentalmente en el registro arqueológico por presentar:|Tumbas subterráneas en forma de copa invertida y cerámica polícroma con pintura postcocción|Cementerios rectangulares semisubterráneos, textiles con finos bordados policromos y cerámica monocroma pre-cocción|Ausencia completa de deformaciones y trepanaciones craneanas en los restos humanos recuperados|Fortificaciones monumentales de piedra en las cumbres montañosas de la costa central|El desarrollo primario de la metalurgia del bronce aplicado a las armas militares|1|Paracas Necrópolis (vinculada a la tradición Topará) se caracteriza por sus cementerios rectangulares poblados por fardos funerarios con tejidos de altísima calidad artística y bordado, así como una cerámica predominantemente monocroma cocida antes de pintar.|IA_APROBADA
Historia del Perú|DIFICIL|En la estructura socio-política de la élite cusqueña durante el Tawantinsuyo, la función principal de la 'panaca' estribaba en:|Encabezar las expediciones bélicas de conquista en las regiones selváticas del Antisuyo|Gestionar las actividades comerciales marítimas y el intercambio a larga distancia|Conservar la momia (mallqui) del inca difunto y administrar los bienes adjudicados a su linaje|Cobrar directamente el tributo agrícola en los curacazgos incorporados de la costa|Seleccionar exclusivamente a las acllas destinadas a los sacrificios de la Capacocha|2|La panaca era el linaje formado por los descendientes de un inca fallecido (a excepción del auqui heredero). Tenía como labor primordial rendir culto a la momia del soberano muerto y administrar sus propiedades.|IA_APROBADA
Historia del Perú|DIFICIL|Durante las reformas administrativas aplicadas por el virrey Francisco de Toledo entre 1569 y 1581, la política de 'reducciones de indios' persiguió de manera prioritaria:|Estimular la asimilación cultural mediante la convivencia directa con pobladores peninsulares|Concentrar a la población nativa para facilitar la recaudación tributaria, la mita y el control ideológico|Conceder autonomía gubernamental a los caciques locales dentro de sus territorios ancestrales|Aislar a los indígenas en zonas apartadas para prevenir el contagio de epidemias europeas|Fomentar la formación de una clase de pequeños terratenientes nativos independientes|1|Las reducciones toledanas reubicaron y concentraron a la dispersa población indígena en poblados urbanizados según el modelo castellano, permitiendo un control más efectivo para la doctrina católica, la mita minera y el cobro del tributo.|IA_APROBADA
Historia del Perú|DIFICIL|En enero de 1821, durante las guerras por la independencia del Perú, el hecho conocido como el 'Motín de Aznapuquio' afectó decisivamente al bando realista debido a que:|Provocó la firma inmediata de la Capitulación de Ayacucho por parte de los oficiales españoles|Constituyó un golpe militar interno que destituyó al virrey Joaquín de la Pezuela para imponer a José de la Serna|Implicó la proclamación pacífica de la independencia en las intendencias del norte peruano|Causó la rendición absoluta del Real Felipe del Callao ante la escuadra libertadora|Permitió la captura del libertador José de San Martín a manos de los jefes de la caballería realista|1|El Motín de Aznapuquio fue un golpe de Estado dentro del ejército realista peruano: los jefes peninsulares destituyeron al virrey Joaquín de la Pezuela por su falta de iniciativa militar frente a San Martín y nombraron en su lugar al general José de la Serna.|IA_APROBADA
Historia del Perú|DIFICIL|Respecto a la responsabilidad sobre las violaciones a los derechos humanos ocurridas entre 1980 y 2000, el Informe Final de la Comisión de la Verdad y la Reconciliación (CVR), presentado en 2003, concluyó que:|Las Fuerzas Armadas constituyeron la única parte responsable de las muertes contabilizadas|La organización terrorista Sendero Luminoso fue la principal perpetradora de los crímenes y homicidios registradas|La inmensa mayoría de las víctimas mortales residía en los sectores acomodados de la capital|El conflicto finalizó formalmente gracias a una mesa de negociación y acuerdo de paz formal|Las comités de autodefensa actuaron en subordinación ideológica directa con la subversión|1|El Informe Final de la CVR determinó que el Partido Comunista del Perú - Sendero Luminoso fue el principal causante de las víctimas mortales y violaciones a los derechos humanos durante el conflicto armado interno, representando el 54% de los casos reportados a la comisión.|IA_APROBADA
Humanidades|FACIL|En la comunicación lingüística, el sistema de signos convencionales que comparten el emisor y el receptor para que el mensaje sea comprendido adecuadamente se denomina|canal|código|referente|mensaje|contexto|1|El código es el conjunto de signos y reglas convencionales compartido por el emisor y el receptor para codificar y decodificar el mensaje.|IA_APROBADA
Humanidades|FACIL|¿Cuál de los siguientes poemarios, publicado en 1918 y de tendencia modernista con rasgos vanguardistas, pertenece al poeta peruano César Vallejo?|Simbólicas|Trilce|Los heraldos negros|Poemas humanos|Alma América|2|Los heraldos negros es el primer libro de poemas de César Vallejo, publicado en 1918, donde se aprecia todavía la influencia del modernismo.|IA_APROBADA
Humanidades|FACIL|En la historia del Tahuantinsuyo, el inca que organizó la expansión imperial, instauró el sistema de panacas y dividió el territorio en cuatro suyos fue|Manco Cápac|Pachacútec|Túpac Yupanqui|Huayna Cápac|Atahualpa|1|Pachacútec es considerado el verdadero organizador y fundador del imperio incaico (Tahuantinsuyo) tras derrotar a los chancas.|IA_APROBADA
Humanidades|FACIL|A los bienes económicos que se consumen directamente para satisfacer una necesidad, sin requerir una transformación posterior, se les denomina bienes de|capital|consumo|intermedio|inversión|producción|1|Los bienes de consumo o finales están listos para la satisfacción directa de las necesidades humanas.|IA_APROBADA
Humanidades|FACIL|El proceso cognitivo que permite almacenar, codificar y recuperar la información previamente experimentada se conoce como|percepción|memoria|sensación|imaginación|atención|1|La memoria es el proceso cognitivo mediante el cual se codifica, almacena y recupera la información.|IA_APROBADA
Humanidades|MEDIA|Durante la Revolución Francesa, el periodo caracterizado por la persecución política masiva y el uso sistemático de la guillotina bajo la dirección de Maximilien Robespierre se conoce como el|Directorio|Consulado|Régimen del Terror|Estados Generales|Asamblea Constituyente|2|El Régimen del Terror (1793-1794), liderado por Robespierre y los jacobinos, se caracterizó por la represión violenta a los opositores de la Revolución.|IA_APROBADA
Humanidades|MEDIA|Según la clasificación de las 11 ecorregiones del Perú propuesta por Antonio Brack Egg, la ecorregión caracterizada por un clima cálido y seco, vegetación de algarrobos y presencia en la costa norte peruana es el|Desierto del Pacífico|Bosque Seco Ecuatorial|Bosque Tropical del Pacífico|Serranía Esteparia|Puna|1|El Bosque Seco Ecuatorial abarca la franja costera del norte peruano y se caracteriza por formaciones vegetales como los algarrobales.|IA_APROBADA
Humanidades|MEDIA|En la filosofía platónica, el mundo inteligible se distingue del mundo sensible porque el primero está conformado por|objetos materiales e imperfectos que cambian constantemente|Ideas inmutables, eternas y perfectas accesibles por la razón|impresiones sensoriales producidas por la experiencia|fenómenos físicos regidos por el azar y la materia|percepciones subjetivas creadas por la mente humana|1|Platón plantea la existencia del mundo de las Ideas (inteligible), que contiene realidades eternas, inmutables y perfectas, inteligibles solo mediante la razón.|IA_APROBADA
Humanidades|MEDIA|Dada la proposición 'Si apruebo el examen, entonces iré de viaje o me matricularé en el curso', ¿cuál es su correcta formalización en la lógica proposicional?|(p -> q) ^ r|p -> (q v r)|(p v q) -> r|p ^ (q -> r)|(p -> q) v r|1|La proposición principal es un condicional 'Si p, entonces (q o r)', cuya estructura lógica es p -> (q v r).|IA_APROBADA
Humanidades|MEDIA|¿En cuál de las siguientes oraciones la palabra 'si' debe llevar tilde diacrítica por desempeñarse como pronombre personal reflexivo o adverbio de afirmación?|Si viene temprano, iremos al teatro.|Pregúntale si ya terminó el informe.|Ella está muy segura de sí misma.|Toca en si menor esa canción.|No sé si aprobaré el examen.|2|La palabra 'sí' lleva tilde diacrítica cuando funciona como adverbio de afirmación, pronombre tónico reflexivo (de sí misma) o sustantivo.|IA_APROBADA
Humanidades|DIFICIL|En la obra 'La metamorfosis' de Franz Kafka, la transformación de Gregorio Samsa en un insecto simboliza principalmente|la rebelión política del proletariado frente al sistema capitalista|la alienación, incomunicación y cosificación del ser humano moderno|el triunfo de los instintos biológicos sobre la razón humana|la búsqueda incesante de la trascendencia espiritual|el castigo divino por la desobediencia moral del individuo|1|La transformación de Gregorio representa la alienación, el aislamiento social y la deshumanización que experimenta el individuo en la sociedad moderna.|IA_APROBADA
Humanidades|DIFICIL|A diferencia del Producto Bruto Interno (PBI), el Producto Nacional Bruto (PNB) mide el valor monetario de la producción final realizada por|los factores productivos nacionales, tanto dentro como fuera del territorio nacional|las empresas extranjeras que operan exclusivamente dentro del país|el sector público en bienes de infraestructura e inversión social|las familias residentes en el país excluyendo las remesas del exterior|los agentes económicos extranjeros dentro del territorio nacional|0|El PNB contabiliza la producción obtenida por los factores productivos nacionales sin importar si se localizan dentro o fuera del territorio nacional.|IA_APROBADA
Humanidades|DIFICIL|Karl Popper criticó el método inductivo y el criterio neopositivista de verificabilidad, proponiendo en su lugar que una teoría es científica si es susceptible de ser|confirmada mediante inducción repetida de casos particulares|falsada o refutada mediante la contrastación empírica|demostrada mediante deducción axiomática absoluta|sintetizada mediante el proceso dialéctico de la razón|verificada deductivamente en todas las condiciones posibles|1|El falsacionismo popperiano sostiene que un enunciado es científico si es falsable, es decir, si existen experimentos u observaciones que puedan demostrar su falsedad.|IA_APROBADA
Humanidades|DIFICIL|Durante la Guerra del Pacífico, la resistencia peruana en la sierra central contra la ocupación chilena fue organizada y dirigida por Andrés Avelino Cáceres en la denominada|Campaña de Lima|Campaña del Sur|Campaña de la Breña|Campaña Marítima|Campaña de Arica|2|La Campaña de la Breña (1881-1883) fue la fase de resistencia militar peruana librada en los Andes centrales bajo el mando del general Andrés Avelino Cáceres.|IA_APROBADA
Humanidades|DIFICIL|En la corteza cerebral, el lóbulo responsable del procesamiento inicial de la información auditiva y de la comprensión del lenguaje hablado (área de Wernicke) es el lóbulo|frontal|parietal|occipital|temporal|insular|3|El lóbulo temporal alberga la corteza auditiva primaria y el área de Wernicke, fundamental para la comprensión del lenguaje spoken.|IA_APROBADA
Lenguaje|FACIL|En la situación comunicativa donde un policía de tránsito muestra la luz roja a un conductor para que se detenga, ¿cuál es el código utilizado?|El policía de tránsito|La luz roja del semáforo|Las señales lumínicas o de tránsito|La calle o avenida|El conductor del vehículo|2|El código es el sistema de signos convencionales utilizado para transmitir el mensaje; en este caso, se trata del sistema de señales lumínicas de tránsito.|IA_APROBADA
Lenguaje|FACIL|Señale la alternativa que presenta únicamente palabras con hiato acentual.|Ciudad, causa, piano|Tía, baúl, búho|Poeta, caos, teatro|Cielo, puerta, agua|Fuego, aire, viaje|1|Las palabras «tía», «baúl» y «búho» contienen hiato acentual (vocal abierta átona unida a una vocal cerrada tónica con tilde o viceversa).|IA_APROBADA
Lenguaje|FACIL|Identifique la palabra agudamente acentuada que requiere tilde según las reglas generales de acentuación.|Pared|Sutil|Manatí|Comer|Feliz|2|«Manatí» es una palabra aguda terminada en vocal, por lo que lleva tilde preceptiva según las reglas generales de acentuación gráfica.|IA_APROBADA
Lenguaje|FACIL|En la palabra «desordenados», el elemento morfológico «des-» funciona como un:|Morfema flexivo de género|Morfema derivativo prefijo|Morfema flexivo de número|Morfema lexemático o raíz|Morfema derivativo sufijo|1|«Des-» es un morfema derivativo prefijo que se antepone a la raíz «orden» para aportar un significado de negación o inversión.|IA_APROBADA
Lenguaje|FACIL|Marque la opción donde las palabras presentan una relación semántica de antonimia gramatical o por prefijación.|Alto / bajo|Comprar / vender|Simétrico / asimétrico|Padre / hijo|Luz / oscuridad|2|La antonimia gramatical se constituye mediante el uso de prefijos de negación, como el prefijo a- en «simétrico / asimétrico».|IA_APROBADA
Lenguaje|MEDIA|Con respecto a la realidad lingüística del Perú, señale la afirmación correcta.|El quechua es la única lengua originaria hablada en la sierra peruana.|Todas las lenguas amazónicas pertenecen a una misma familia lingüística.|El Perú es un país lingüísticamente multilingüe y pluricultural.|El español es la única lengua oficial en todo el territorio nacional sin excepción.|Las lenguas amerindias carecen de un sistema gramatical estructurado.|2|El Perú se caracteriza lingüísticamente por su condición multilingüe y pluricultural, debido a la coexistencia del español y numerosas lenguas originarias andinas y amazónicas.|IA_APROBADA
Lenguaje|MEDIA|En el enunciado «Los sustantivos son palabras que nombran entidades reales o imaginarias», predomina la función del lenguaje denominada:|Expresiva|Apelativa|Fática|Metalingüística|Poética|3|La función metalingüística se manifiesta cuando el código lingüístico se utiliza como objeto de estudio o para hablar sobre la propia lengua.|IA_APROBADA
Lenguaje|MEDIA|Identifique la alternativa que contiene un sustantivo colectivo y primitivo.|Arboleda|Jauría|Ajedrez|Caserío|Alameda|1|«Jauría» designa en singular a un conjunto de perros o lobos (colectivo) y no deriva formalmente de ninguna otra palabra en español (primitivo).|IA_APROBADA
Lenguaje|MEDIA|Marque la oración que presenta un uso normativamente correcto de las letras mayúsculas.|El Presidente viajó a Cusco el día Lunes.|La Primavera es la mejor Estación del año.|El Sol es la estrella central de nuestro sistema planetario.|Visitaremos el Museo de Bellas Artes este fin de semana.|Mi Tío vive en el norte del Perú.|3|Las palabras significativas que forman parte del nombre de una institución o entidad cultural, como «Museo de Bellas Artes», deben escribirse con mayúscula inicial.|IA_APROBADA
Lenguaje|MEDIA|En la oración «A los estudiantes de la academia les fascinó la clase de Lenguaje», el sujeto gramatical es:|A los estudiantes|les|la clase de Lenguaje|de la academia|fascinó|2|El sujeto gramatical es «la clase de Lenguaje», ya que es el elemento que concuerda en tercera persona del singular con el verbo núcleo «fascinó».|IA_APROBADA
Lenguaje|DIFICIL|Indique la opción en la cual todos los fonemas consonánticos iniciales de las palabras que la componen son oclusivos sordos.|Petaca, tomo, queso|Bodega, dado, gato|Zapato, foca, seda|Mano, nido, luna|Roca, chancho, yema|0|Los fonemas oclusivos sordos en español son /p/, /t/ y /k/. Las palabras «petaca» (/p/), «tomo» (/t/) y «queso» (/k/) inician respectivamente con dichos fonemas.|IA_APROBADA
Lenguaje|DIFICIL|En el enunciado «Quienes estudian con disciplina lograrán sus objetivos académicos», la proposición subordinada funciona como:|Objeto directo|Sustantiva en función de sujeto|Adjetiva explicativa|Adverbial de modo|Complemento atributo|1|La proposición subordinada sustantiva de relativo sin antecedente expreso «Quienes estudian con disciplina» ejerce la función sintáctica de sujeto de la oración.|IA_APROBADA
Lenguaje|DIFICIL|Señale la alternativa en la que se presenta una relación semántica de homonimia absoluta.|Ese granjero compró una llama para su granja y luego observó la llama del fuego.|Ella vino temprano a la reunión y sirvió un vaso de vino dulce.|El obrero tuvo que soldar rápidamente el tubo de hierro.|La cresta de la ola parecía alcanzar la cresta del gallo.|Se sentó en el banco a descansar mientras esperaba la apertura del banco.|0|Existe homonimia absoluta cuando dos palabras pertenecen a la misma categoría gramatical (ambos son sustantivos), tienen distinto origen etimológico (llama1 del quechua, llama2 del latín) y coinciden en todas sus formas.|IA_APROBADA
Lenguaje|DIFICIL|En el enunciado «Estimados alumnos, resuelvan con calma los ejercicios de la prueba», la coma empleada cumple la función de señalar un vocativo, por lo que es clasificable como coma:|Elíptica|Vocativa|Hiperbática|Apositiva|Incidental|1|La coma vocativa se utiliza para aislar o separar el vocativo («Estimados alumnos»), que es el destinatario a quien se dirige la palabra directamente en el discurso.|IA_APROBADA
Literatura|FACIL|¿En qué célebre cuento de Julio Ramón Ribeyro los hermanos Efraín y Enrique son obligados por su abuelo don Santos a buscar comida en los basurales para un cerdo llamado Pascual?|«Los merengues»|«Los gallinazos sin plumas»|«Alienación»|«El profesor suplente»|«Silvio en el rosedal»|1|«Los gallinazos sin plumas» aborda la explotación infantil sufrida por Efraín y Enrique a manos de su desalmado abuelo don Santos en los muladares de Lima.|IA_APROBADA
Literatura|FACIL|¿Qué figura literaria consiste en la repetición deliberada de una o varias palabras al inicio de versos o frases consecutivas?|Hipérbole|Metáfora|Anáfora|Símil|Epíteto|2|La anáfora es la figura retórica de dicción que consiste en la repetición de una o varias palabras al comienzo de frases o versos.|IA_APROBADA
Literatura|FACIL|¿Cuál es el tema central de la épica griega La Ilíada, obra atribuida al poeta Homero?|El viaje de retorno de Odiseo a la isla de Ítaca|La ira de Aquiles y sus trágicas consecuencias|La fundación de Roma por parte del héroe Eneas|Los doce trabajos encomendados al héroe Hércules|La guerra fratricida entre los hermanos Eteocles y Polinices|1|La Ilíada se centra en el canto de la cólera de Aquiles, provocada por la afrenta de Agamenón al quitarle a Briseida, y sus fatales consecuencias durante la Guerra de Troya.|IA_APROBADA
Literatura|FACIL|¿Qué obra del Siglo de Oro español, escrita por Miguel de Cervantes Saavedra, narra las peripecias de un hidalgo que pierde el juicio por leer libros de caballerías?|El Cantar de mio Cid|La vida de Lazarillo de Tormes|El ingenioso hidalgo don Quijote de la Mancha|La vida es sueño|Fuenteovejuna|2|Don Quijote de la Mancha es la obra cumbre de Miguel de Cervantes Saavedra y trata sobre Alonso Quijano, un hidalgo manchego que pierde la razón leyendo novelas caballerescas.|IA_APROBADA
Literatura|FACIL|¿A qué destacado poeta peruano pertenece el conocido verso «Hay golpes en la vida, tan fuertes... ¡Yo no sé!», incluido en el poemario Los heraldos negros?|José María Eguren|César Vallejo|Blanca Varela|Manuel González Prada|Abraham Valdelomar|1|El poema «Los heraldos negros», que da título al primer libro publicado en 1919 por César Vallejo, inicia con dicho célebre verso.|IA_APROBADA
Literatura|MEDIA|¿Cuál es una característica formal indispensable de la novela Las cuitas del joven Werther, de Johann Wolfgang von Goethe?|Estar estructurada en tres actos dramáticos en verso|Estar escrita predominantemente en formato epistolar|Constituir una parodia festiva de la épica medieval|Emplear el monólogo interior del movimiento vanguardista|Ajustarse rigurosamente a las tres unidades del Neoclasicismo|1|Las cuitas del joven Werther es una novela epistolar compuesta principalmente por las cartas subjetivas que Werther envía a su amigo Wilhelm expresando su pasión trágica.|IA_APROBADA
Literatura|MEDIA|En la tragedia Edipo Rey, de Sófocles, ¿cuál es el hecho inicial que impulsa a Edipo a investigar el asesinato del anterior rey Láyo?|La ceguera sorpresiva sobrevenida al adivino Tiresias|La llegada de un mensajero proveniente de Corinto|La peste devastadora que asuela a la ciudad de Tebas|El desamparo del niño Edipo en el monte Citerón|La rebelión popular desencadenada por el coro tebano|2|La plaga que devasta Tebas motiva a Edipo a consultar el oráculo de Delfos, el cual exige castigar al asesino de Láyo para purificar y librar a la ciudad del mal.|IA_APROBADA
Literatura|MEDIA|En el drama barroco La vida es sueño, de Pedro Calderón de la Barca, el encierro de Segismundo por orden de su padre, el rey Basilio, se debe a:|Una alianza secreta de Segismundo con tropas extranjeras|La desobediencia militar del príncipe frente al consejo real|Las predicciones astrológicas que lo anunciaban como un tirano|Un conflicto amoroso disputado contra el duque Astolfo|La conversión clandestina de Segismundo al calvinismo|2|El rey Basilio decide enclaustrar a su hijo Segismundo en una torre alejada porque los vaticinios de los astros señalaban que el príncipe sería un gobernante impío y humillaría a su padre.|IA_APROBADA
Literatura|MEDIA|El Modernismo hispanoamericano, encabezado por el poeta nicaragüense Rubén Darío, se inicia formalmente en 1888 tras la publicación de:|Prosas profanas|Cantos de vida y esperanza|Azul...|Poemas de amor|Crepusculario|2|La publicación del libro de cuentos y poemas Azul... en Valparaíso (1888) por Rubén Darío es considerada el hito de origen del Modernismo hispanoamericano.|IA_APROBADA
Literatura|MEDIA|En los Comentarios reales de los incas, el Inca Garcilaso de la Vega asume como objetivo primordial:|Justificar la campaña de extirpación de idolatrías|Rectificar a los cronistas españoles y reivindicar el pasado incaico|Fomentar una insurrección armada separatista criolla|Relatar únicamente las sangrientas luchas entre conquistadores|Traducir los manuales de doctrina cristiana al quechua|1|El Inca Garcilaso busca corregir las imprecisiones de los historiadores hispanos y ofrecer una reconstrucción valorativa de la cultura andina sustentada en su origen mestizo.|IA_APROBADA
Literatura|DIFICIL|En La metamorfosis, de Franz Kafka, la absurda transformación de Gregorio Samsa en un insecto simboliza fundamentalmente:|La inevitable supremacía del mundo salvaje sobre el hombre|La deshumanización y alienación del individuo en el sistema moderno|El triunfo definitivo de la fantasía poética sobre la lógica|El despertar ideológico y político de la clase obrera|Un castigo de orden trascendente por romper las normas morales|1|La mutación física de Gregorio representa la cosificación, la alienación laboral y el aislamiento existencial que sufre el hombre contemporáneo bajo las presiones sociales y familiares.|IA_APROBADA
Literatura|DIFICIL|En la novela Crimen y castigo, de Fiódor Dostoievski, la premisa ética formulada por el estudiante Rodión Raskólnikov plantea que:|La responsabilidad moral es equivalente e idéntica en todos los hombres|Existen hombres «ordinarios» y «extraordinarios», teniendo estos últimos derecho a transgredir la ley|La indigencia material purifica automáticamente las culpas cometidas|El delito obedece sin excepción a un determinismo biológico imponderable|El juicio judicial es más relevante que la expiación interior del individuo|1|Raskólnikov divide a la humanidad entre seres ordinarios (reproductores que acatan la norma) y extraordinarios (superhombres como Napoleón, capacitados para violar la ley por fines superiores).|IA_APROBADA
Literatura|DIFICIL|En el prólogo de El reino de este mundo, Alejo Carpentier conceptualiza «lo real maravilloso» a partir del análisis histórico y cultural de:|La pampa gaucha argentina|El altiplano boliviano|La Revolución haitiana|La cuenca amazónica peruana|El virreinato mexicano|2|Carpentier formula la noción de «lo real maravilloso» tras contemplar la fe, la mitología del vodú y los hechos inverosímiles pero reales ocurridos durante la revolución independentista de Haití.|IA_APROBADA
Literatura|DIFICIL|En Los ríos profundos, novela de José María Arguedas, el objeto de carácter mágico-lúdico que conecta la memoria, la naturaleza y la cosmogonía andina es el:|Charango de sirena|Zumbayllu|Pututo de caracol|Runa tinya|Kero de madera|1|El zumbayllu (trompo mágico) actúa en la novela como un instrumento purificador que emite un sonido armónico capaz de vincular a Ernesto con el mundo natural y la memoria colectiva andina.|IA_APROBADA
Literatura|DIFICIL|Desde el punto de vista genérico y formal, las Tradiciones peruanas, de Ricardo Palma, se caracterizan por articular estratégicamente:|La tragedia neoclásica, el tratado de derecho y el cantar gestal|El dato histórico verídico, el cuadro de costumbres y la ficción romántica con tono irónico|El ensayo filosófico, la parábola evangélica y el drama calderoniano|La crónica indiana, la novela de caballería y el poema lírico en silva|El periodismo objetivo, el mito prehispánico y la comedia de enredo|1|La tradición palmista es un género mestizo que combina el rigor del documento histórico, la estampa de costumbres, el relato ameno de corte romántico y la oralidad socarrona del humor criollo.|IA_APROBADA
Psicología|FACIL|¿Qué enfoque psicológico, fundado por John B. Watson, sostiene que la psicología debe limitarse al estudio de la conducta observable y rechaza el uso de la introspección?|Psicoanálisis|Conductismo|Humanismo|Cognitivismo|Gestalt|1|El conductismo, propuesto por Watson, plantea que la psicología debe ser una ciencia objetiva centrada únicamente en el estudio de la conducta observable y medible.|IA_APROBADA
Psicología|FACIL|La cantidad mínima de estimulación física necesaria para que una persona pueda detectar un estímulo en el 50% de las ocasiones se denomina:|Umbral diferencial|Umbral absoluto|Adaptación sensorial|Transducción|Percepción subliminal|1|El umbral absoluto es la intensidad mínima de energía física requerida para producir una sensación detectable en la mitad de los ensayos.|IA_APROBADA
Psicología|FACIL|Durante el desarrollo humano, la etapa que abarca desde el momento de la concepción hasta el nacimiento del individuo se denomina:|Infancia|Etapa prenatal|Niñez temprana|Período neonatal|Primera infancia|1|La etapa prenatal abarca todo el proceso de desarrollo dentro del vientre materno, iniciando con la fecundación y concluyendo con el parto.|IA_APROBADA
Psicología|FACIL|Según la jerarquía de las necesidades humanas propuesta por Abraham Maslow, ¿cuál de los siguientes niveles se ubica en la base de la pirámide?|Necesidades de seguridad|Necesidades fisiológicas|Necesidades de afiliación|Necesidades de estima|Necesidades de autorrealización|1|Las necesidades fisiológicas u orgánicas (como alimentarse, respirar o dormir) constituyen el nivel primario e inferior de la pirámide de Maslow.|IA_APROBADA
Psicología|FACIL|El proceso del sistema de memoria que consiste en retener y consolidar la información en el cerebro a lo largo del tiempo se denomina:|Codificación|Almacenamiento|Recuperación|Evocación|Sensación|1|El almacenamiento o retención es la fase de la memoria mediante la cual se conserva la información registrada previamente para su posterior uso.|IA_APROBADA
Psicología|MEDIA|Unos padres imponen normas estrictas en el hogar, exigen obediencia absoluta sin explicaciones y aplican castigos severos ante los errores de sus hijos. Este estilo de crianza se clasifica como:|Democrático|Autoritario|Permisivo|Desapegado|Indulgente|1|El estilo de crianza autoritario destaca por una alta exigencia y control combinados con baja afectividad y poca apertura al diálogo con los hijos.|IA_APROBADA
Psicología|MEDIA|Cuando un docente retira un trabajo práctico muy pesado a sus alumnos por haber mantenido un excelente comportamiento durante la clase, logrando que dicho comportamiento se repita a futuro, está aplicando:|Refuerzo positivo|Refuerzo negativo|Castigo positivo|Castigo negativo|Extinción|1|El refuerzo negativo consiste en la remoción o eliminación de un estímulo aversivo como consecuencia de una conducta, lo cual incrementa la probabilidad de que esta vuelva a ocurrir.|IA_APROBADA
Psicología|MEDIA|De acuerdo con la teoría del desarrollo psicosocial de Erik Erikson, la crisis principal que debe resolver el ser humano durante la etapa de la adolescencia es:|Confianza frente a desconfianza|Autonomía frente a vergüenza|Identidad frente a confusión de roles|Intimidad frente a aislamiento|Generatividad frente a estancamiento|2|Durante la adolescencia, el conflicto psicosocial central es la búsqueda de la identidad personal en contraposición a la confusión sobre los roles sociales y vocacionales futuros.|IA_APROBADA
Psicología|MEDIA|Al observar un dibujo de una figura geométrica a la que le faltan trazos o líneas pequeñas, el sujeto tiende a percibirla como una figura completa. Esta experiencia se explica por la ley Gestalt de:|Proximidad|Semejanza|Cierre|Continuidad|Figura y fondo|2|La ley del cierre o clausura dictamina que la percepción humana tiende a rellenar los espacios vacíos e incompletos de una configuración para percibir formas enteras e integradas.|IA_APROBADA
Psicología|MEDIA|Mariana siente una aceleración del ritmo cardíaco, sequedad en la boca y sudoración de manos instantes antes de iniciar una presentación pública. Estos cambios forman parte del componente afectivo de tipo:|Cognitivo|Fisiológico|Conductual|Subjetivo|Afrontamiento|1|El componente fisiológico de la emoción involucra las respuestas del sistema nervioso autónomo y cambios corporales viscerales o endocrinos.|IA_APROBADA
Psicología|DIFICIL|A diferencia del paradigma conductista clásico de Estímulo-Respuesta (E-R), la formulación cognitivista introduce la mediación del organismo (E-O-R). En este último modelo, la variable 'O' representa específicamente:|El organismo concebido como un simple receptor pasivo de estímulos ambientales|Los procesos mentales u operaciones cognitivas internas que procesan la información|El objeto físico o entorno ambiental inmediato que determina la respuesta|La operatividad del refuerzo antecedente en el condicionamiento|Las pulsiones del inconsciente biológico que regulan la conducta|1|En el esquema E-O-R, la 'O' refiere a las estructuras y procesos cognitivos mediadores (memoria, atención, pensamiento) que analizan e interpretan la información del estímulo antes de emitir la respuesta.|IA_APROBADA
Psicología|DIFICIL|Según la teoría del aprendizaje significativo de David Ausubel, para que una nueva información se incorpore eficazmente en la estructura cognitiva de quien aprende, se requiere de manera fundamental:|La entrega incondicional de incentivos externos después de cada acierto|La existencia previa de conceptos de anclaje pertinentes (subsunsores) en la mente del aprendiz|Que el alumno descubra sin ayuda de ningún docente las reglas subyacentes del contenido|La memorización mecánica mediante repeticiones sucesivas del material expuesto|La asociación de la respuesta deseada con un estímulo incondicionado|1|El aprendizaje significativo ocurre cuando la nueva información se relaciona de manera sustantiva y no arbitraria con ideas ya existentes en la estructura cognitiva del sujeto, llamadas ideas de anclaje o subsunsores.|IA_APROBADA
Psicología|DIFICIL|Un paciente evaluado por neuropsicología presenta severa dificultad en la articulación motora del habla y en la producción fluida de oraciones, aunque su comprensión del lenguaje verbal se conserva casi intacta. La lesión cerebral se ubica con mayor probabilidad en:|El área de Wernicke en el lóbulo temporal izquierdo|El área de Broca en la circunvolución frontal inferior izquierda|El córtex occipital primario|El lóbulo parietal posterior derecho|El núcleo supraquiasmático del hipotálamo|1|El área de Broca está vinculada a la programación motora y expresión del habla; sus lesiones causan afasia expresiva (dificultad para hablar con fluidez) manteniendo preservada la comprensión.|IA_APROBADA
Psicología|DIFICIL|Cuando un adolescente analiza críticamente cómo las pautas culturales de género asignadas por su sociedad condicionan sus metas personales y la forma de proyectar sus vínculos afectivos futuros, está relacionando su proyecto de vida con la dimensión de la sexualidad llamada:|Biológico-reproductiva|Socio-cultural|Anatomo-fisiológica|Genético-somática|Orgánico-funcional|1|La dimensión socio-cultural de la sexualidad abarca la influencia de los roles de género, las normas sociales, las pautas culturales y las expectativas de la comunidad sobre la conducta y metas personales del individuo.|IA_APROBADA
Psicología|DIFICIL|Un estudiante aprende primero el idioma italiano y, tiempo después, estudia francés. Cuando intenta comunicarse utilizando el francés aprendido recientemente, descubre que comete errores al interferirse de manera persistente las reglas y palabras del italiano que aprendió primero. Este fenómeno del olvido se clasifica como:|Interferencia retroactiva|Interferencia proactiva|Amnesia anterógrada|Decaimiento por desuso de la huella|Represión o supresión selectiva|1|La interferencia proactiva ocurre cuando la información aprendida en el pasado (italiano) obstaculiza o dificulta la recuperación del nuevo material aprendido (francés).|IA_APROBADA
Química|FACIL|¿Cuál de las siguientes opciones corresponde a una propiedad extensiva de la materia?|Densidad|Punto de ebullición|Masa|Conductividad eléctrica|Viscosidad|2|La masa es una propiedad extensiva porque su valor depende directamente de la cantidad de materia presente en la muestra.|IA_APROBADA
Química|FACIL|Un átomo neutro posee un número de masa (A) igual a 31 y 15 protones. ¿Cuál es su número de neutrones?|15|16|31|46|14|1|El número de neutrones se determina restando el número atómico (protones) del número de masa: N = A - Z = 31 - 15 = 16.|IA_APROBADA
Química|FACIL|¿A qué familia o grupo de la tabla periódica moderna pertenece el elemento flúor (Z = 9)?|Alcalinos|Alcalinotérreos|Calcógenos|Halógenos|Gases nobles|3|El flúor posee 7 electrones de valencia y se ubica en el grupo 17 (VIIA), perteneciente a la familia de los halógenos.|IA_APROBADA
Química|FACIL|¿Qué tipo de enlace químico predomina en la estructura del cloruro de sodio (NaCl)?|Enlace covalente apolar|Enlace covalente polar|Enlace iónico|Enlace metálico|Enlace puente de hidrógeno|2|El enlace entre un metal del grupo IA (sodio) y un no metal del grupo VIIA (cloro) presenta una alta diferencia de electronegatividad, formando un enlace iónico.|IA_APROBADA
Química|FACIL|¿Cuál es la fórmula química correcta del hidróxido de calcio?|CaOH|Ca(OH)2|Ca2OH|CaO|Ca(OH)3|1|El calcio tiene estado de oxidación +2 y el grupo hidróxido (OH) presenta carga -1, por lo que la fórmula neutra es Ca(OH)2.|IA_APROBADA
Química|MEDIA|Dada la siguiente reaccion redox sin balancear: Zn + HCl -> ZnCl2 + H2. Indique cuál es el agente reductor y cuántos moles de electrones se transfieren por mol de Zn consumido.|HCl; 1 mol de e-|Zn; 2 moles de e-|HCl; 2 moles de e-|ZnCl2; 1 mol de e-|Zn; 1 mol de e-|1|El zinc elemental cambia su estado de oxidación de 0 a +2, perdiendo 2 electrones por cada átomo consumido; por lo tanto, se oxida y actúa como el agente reductor.|IA_APROBADA
Química|MEDIA|Se hacen reaccionar 4 moles de H2 con 3 moles de O2 para formar agua según la ecuación: 2 H2 + O2 -> 2 H2O. Determine el reactivo limitante y la cantidad máxima en moles de H2O producida.|H2 es limitante; 4 moles de H2O|O2 es limitante; 6 moles de H2O|H2 es limitante; 2 moles de H2O|O2 es limitante; 3 moles de H2O|Ambos son limitantes; 4 moles de H2O|0|La relación estequiométrica H2:O2 es 2:1. Con 4 moles de H2 se requieren 2 moles de O2. Como se dispone de 3 moles de O2, el H2 se consume por completo primero (reactivo limitante) y genera 4 moles de H2O.|IA_APROBADA
Química|MEDIA|Un gas ideal ocupa un volumen de 8,2 litros a una presión de 3 atm y una temperatura de 300 K. ¿Cuántos moles de gas están presentes? (Considere R = 0,082 atm L / mol K)|0,5 mol|1,0 mol|1,5 mol|2,0 mol|3,0 mol|1|Aplicando la ecuación universal de los gases ideales (PV = nRT): n = (3 atm * 8,2 L) / (0,082 atm L / mol K * 300 K) = 24,6 / 24,6 = 1,0 mol.|IA_APROBADA
Química|MEDIA|Se disuelven 0,01 moles de HCl en agua suficiente para preparar 1 litro de solución acuosa a 25 °C. Determine el pH de la solución resultante.|1|2|3|12|13|1|El HCl es un ácido fuerte disociado al 100 %, de modo que [H+] = 0,01 M = 10^-2 M. El pH se calcula como -log[H+] = -log(10^-2) = 2.|IA_APROBADA
Química|MEDIA|¿Cuál es la nomenclatura IUPAC correcta para el hidrocarburo de fórmula semidesarrollada CH3-CH(CH3)-CH2-CH3?|2-metilbutano|3-metilbutano|Pentano|2-metilpropano|Isopenteno|0|La cadena principal continua más larga tiene 4 carbonos (butano) y se numera desde el extremo más cercano al sustituyente, dejando el grupo metilo en la posición C-2.|IA_APROBADA
Química|DIFICIL|En un recipiente cerrado de 2 L de capacidad se introduce 1 mol de N2O4(g). Al alcanzarse el equilibrio N2O4(g) <=> 2 NO2(g) a cierta temperatura, se determina que el 40 % del N2O4 se ha disociado. ¿Cuál es el valor de la constante de equilibrio Kc?|0,267|0,533|0,133|1,066|0,400|1|En el equilibrio reaccionan 0,4 mol de N2O4 y quedan 0,6 mol (0,3 M). Se forman 0,8 mol de NO2 (0,4 M). Kc = [NO2]^2 / [N2O4] = (0,4)^2 / 0,3 = 0,16 / 0,3 = 0,533.|IA_APROBADA
Química|DIFICIL|Durante la electrólisis de una solución acuosa de CuSO4 se hace pasar una corriente de 9,65 A durante 2000 segundos. ¿Qué masa de cobre metálico se depositará en el cátodo? (Pesos atómicos: Cu = 63,5; 1 F = 96 500 C/mol e-)|3,175 g|6,35 g|12,7 g|1,587 g|25,4 g|1|Carga Q = I * t = 9,65 * 2000 = 19 300 C, lo que equivale a 0,2 moles de electrones. La semi-reacción es Cu2+ + 2 e- -> Cu(s), produciendo 0,1 mol de Cu. Masa = 0,1 mol * 63,5 g/mol = 6,35 g.|IA_APROBADA
Química|DIFICIL|¿Cuántos isómeros estructurales de cadena existen para el alcano de fórmula molecular C5H12?|2|3|4|5|6|1|El pentano (C5H12) posee tres isómeros de cadena: n-pentano (cadena lineal), 2-metilbutano (isopentano) y 2,2-dimetilpropano (neopentano).|IA_APROBADA
Química|DIFICIL|Se prepara 1 litro de solución amortiguadora conteniendo 0,1 M de CH3COOH (pKa = 4,74) y 0,1 M de CH3COONa. Si se le añaden 0,02 moles de NaOH sólido sin variación apreciable de volumen, ¿cuál será el nuevo pH del sistema?|4,56|4,74|4,92|5,12|3,84|2|El NaOH reacciona consumiendo 0,02 moles de CH3COOH (queda 0,08 M) y formando 0,02 moles de CH3COO- (pasa a 0,12 M). Por Henderson-Hasselbalch: pH = 4,74 + log(0,12 / 0,08) = 4,74 + log(1,5) = 4,74 + 0,176 = 4,92.|IA_APROBADA
Química|DIFICIL|¿Qué fenómeno ambiental es generado principalmente por la fotólisis de los clorofluorocarbonos (CFC) en la estratosfera y la liberación de radicales libres de cloro?|Eutrofización de cuencas hidrográficas|Lluvia ácida por formación de H2SO4|Destrucción catalítica de la capa de ozono|Formación directa de smog fotoquímico troposférico|Calentamiento global debido únicamente al vapor de agua|2|Los radicales libres de cloro derivados de los CFC descomponen catalíticamente las moléculas de ozono (O3) en la estratosfera, provocando el adelgazamiento de la capa de ozono.|IA_APROBADA
Razonamiento Matemático|FACIL|Se define el operador matemático a * b = 2a + 3b - 5. Calcule el valor de (3 * 4) * 2.|21|25|27|31|33|2|Primero se evalúa 3 * 4 = 2(3) + 3(4) - 5 = 6 + 12 - 5 = 13. Luego se evalúa 13 * 2 = 2(13) + 3(2) - 5 = 26 + 6 - 5 = 27.|IA_APROBADA
Razonamiento Matemático|FACIL|Indique el término que continúa en la siguiente sucesión numérica: 4, 7, 12, 19, 28, ...|35|37|39|41|43|2|La secuencia de diferencias entre términos consecutivos es +3, +5, +7, +9, por lo que el siguiente incremento es +11, dando 28 + 11 = 39.|IA_APROBADA
Razonamiento Matemático|FACIL|En una figura se disponen 5 triángulos consecutivos adyacentes que comparten un mismo vértice superior. ¿Cuántos triángulos en total se pueden contar en la figura completa?|10|12|15|18|20|2|Utilizando la fórmula para el conteo de triángulos formados por divisiones desde un vértice común, Total = n(n+1)/2 = 5(6)/2 = 15.|IA_APROBADA
Razonamiento Matemático|FACIL|La razón entre las edades de Ana y Beatriz es de 3 a 5. Si la suma de sus edades es 48 años, ¿cuántos años tiene Beatriz?|18|24|30|32|36|2|Sean las edades 3k y 5k, la suma 3k + 5k = 48 implica 8k = 48, por tanto k = 6. La edad de Beatriz es 5(6) = 30 años.|IA_APROBADA
Razonamiento Matemático|FACIL|Si se sabe que 'Todos los peruanos son sudamericanos' y 'Ningún sudamericano es europeo', ¿cuál de las siguientes afirmaciones es necesariamente cierta?|Algún peruano es europeo.|Ningún peruano es europeo.|Todos los europeos son peruanos.|Algún europeo es peruano.|Ningún sudamericano es peruano.|1|Dado que el conjunto de peruanos está totalmente contenido en el de sudamericanos y este no se interseca con los europeos, ningún peruano es europeo.|IA_APROBADA
Razonamiento Matemático|MEDIA|En la siguiente suma criptoaritmética: A4B + B32 = 7C7, donde letras distintas representan dígitos distintos. Halle A + B + C.|11|12|14|15|16|2|En las unidades B + 2 = 7 implica B = 5. En las decenas 4 + 3 = 7, luego C = 7. En las centenas A + B = 7, con B = 5 resulta A = 2. Así, A + B + C = 2 + 5 + 7 = 14.|IA_APROBADA
Razonamiento Matemático|MEDIA|Tres hermanos se reparten una herencia. El primero recibe el triple de lo que recibe el segundo, y el tercero recibe S/ 2000 más que el primero. Si la herencia total asciende a S/ 23 000, ¿cuánto recibió el hermano menor?|S/ 2000|S/ 3000|S/ 4000|S/ 6000|S/ 9000|1|Sea x la parte del segundo. El primero recibe 3x y el tercero 3x + 2000. Sumando x + 3x + 3x + 2000 = 23 000, resulta 7x = 21 000, por lo que x = 3000.|IA_APROBADA
Razonamiento Matemático|MEDIA|Cuatro sospechosos son interrogados por el robo de un reloj. Se sabe que solo uno robó el reloj y que exactamente tres de ellos mienten: - Andrés: 'Carlos robó el reloj.' - Boris: 'Yo no robé el reloj.' - Carlos: 'Daniel robó el reloj.' - Daniel: 'Carlos miente.' ¿Quién es el culpable del robo?|Andrés|Boris|Carlos|Daniel|No se puede determinar|1|Si Boris es el culpable, entonces Andrés miente (F), Boris miente al decir que no fue él (F), Carlos miente (F) y Daniel dice la verdad al afirmar que Carlos miente (V). Esto satisface la condición de 3 mentiras y 1 verdad.|IA_APROBADA
Razonamiento Matemático|MEDIA|Se tiene un cuadrado ABCD de lado 12 cm. Se traza un cuadrante con centro en A y radio 12 cm, y otro cuadrante con centro en C y radio 12 cm. Halle el área de la región sombreada entre los dos arcos dentro del cuadrado.|36(π - 2) cm²|72(π - 2) cm²|144(π - 2) cm²|36(π - 1) cm²|72(π - 1) cm²|1|El área requerida es la suma de los dos cuadrantes menos el área total del cuadrado: 2(π × 12² / 4) - 12² = 72π - 144 = 72(π - 2) cm².|IA_APROBADA
Razonamiento Matemático|MEDIA|Un grupo de 6 personas se ubica alrededor de una mesa circular. ¿De cuántas maneras diferentes se pueden sentar si dos de ellas en particular siempre deben estar juntas?|24|36|48|72|120|2|Tratando a las 2 personas juntas como 1 solo elemento, se ordenan 5 elementos en un círculo de (5-1)! = 24 formas. Las 2 personas juntas se permutan de 2! = 2 formas. Total: 24 × 2 = 48.|IA_APROBADA
Razonamiento Matemático|DIFICIL|Se quiere determinar la media aritmética de 5 números enteros positivos x1, x2, x3, x4, x5. Información I: El rango de los 5 números es 0. Información II: El producto de los 5 números es 32. Para resolver el problema:|La información I es suficiente por sí sola.|La información II es suficiente por sí sola.|Es necesario usar ambas informaciones a la vez.|Cada información por separado es suficiente.|La información dada es insuficiente.|2|Con la Información I se deduce que todos los números son iguales. Con la Información II no es posible determinar la media de forma única. Al combinar ambas, los 5 números son iguales a k y k⁵ = 32, resultando k = 2 y media igual a 2.|IA_APROBADA
Razonamiento Matemático|DIFICIL|En una cuadrícula de 4 bloques de ancho por 3 de alto, ¿cuántas rutas distintas hay desde la esquina inferior izquierda A hasta la esquina superior derecha B, desplazándose solo hacia la derecha y hacia arriba, si se debe pasar obligatoriamente por el punto intermedio M (a 2 bloques a la derecha y 1 bloque arriba de A)?|12|15|18|24|35|2|Rutas de A a M (2 a la derecha, 1 arriba) = 3!/(2!1!) = 3. Rutas de M a B (2 a la derecha, 2 arriba) = 4!/(2!2!) = 6. Total por principio multiplicativo = 3 × 6 = 18.|IA_APROBADA
Razonamiento Matemático|DIFICIL|En un gráfico circular sobre las preferencias de transporte de 1200 personas, el sector de autobús abarca 108°, el del metro 144°, y el resto utiliza vehículo propio o bicicleta en la razón de 3 a 2, respectivamente. ¿Cuántas personas utilizan bicicleta?|120|144|180|216|240|1|Ángulo del resto = 360° - (108° + 144°) = 108°. Cantidad de personas del resto = (108°/360°) × 1200 = 360. Los que usan bicicleta corresponden a 2/5 del resto: (2/5) × 360 = 144 personas.|IA_APROBADA
Razonamiento Matemático|DIFICIL|Si 12 obreros con 80% de rendimiento construyen una obra de dificultad 2 en 15 días trabajando 8 horas por día, ¿cuántos días necesitarán 16 obreros con 60% de rendimiento trabajando 10 horas por día para construir una obra similar de dificultad 3?|12|15|18|20|24|2|Mediante la constante (Obreros × Rendimiento × h/d × Días) / Dificultad: (12 × 0.8 × 8 × 15) / 2 = (16 × 0.6 × 10 × Días) / 3. Simplificando: 576 = 32 × Días, resultando Días = 18.|IA_APROBADA
Razonamiento Matemático|DIFICIL|Dada la proposición: 'Si un estudiante no repasa diariamente o no asiste a clase, entonces no obtendrá una nota alta.' Sabiendo que el estudiante obtuvo una nota alta, ¿cuál de las siguientes conclusiones es lógicamente válida?|El estudiante no repasa pero sí asiste a clase.|El estudiante repasa diariamente pero no asiste a clase.|El estudiante repasa diariamente y asiste a clase.|El estudiante no repasa y no asiste a clase.|No se puede inferir nada sobre su asistencia.|2|La contraposición del condicional (~p ∨ ~q) → ~r es r → (p ∧ q). Al afirmarse r (obtuvo nota alta), se deduce por Modus Ponens que (p ∧ q) es verdadero: el estudiante repasa diariamente y asiste a clase.|IA_APROBADA
Razonamiento Verbal|FACIL|Elija la palabra que se adecúa a la siguiente definición: 'Dicho de una persona: Que muestra una actitud excesivamente sumisa, servil o rastrera ante sus superiores o personas influyentes para obtener algún beneficio.'|Altivo|Zalamero|Servil|Mancebo|Erudito|2|La palabra 'servil' define a la persona que muestra una adhesión sumisa o rastrera hacia otras por interés o subordinación.|IA_APROBADA
Razonamiento Verbal|FACIL|Elija la pareja de palabras que guarde una relación análoga al par base: ANEMÓMETRO : VIENTO ::|Barómetro : presión|Cronómetro : hora|Pluviómetro : lluvia|Termómetro : fiebre|Higrómetro : vapor|2|La relación es de instrumento de medición a fenómeno meteorológico cuantificado. El anemómetro mide la velocidad del viento, así como el pluviómetro mide la cantidad de lluvia caída.|IA_APROBADA
Razonamiento Verbal|FACIL|Elija la opción que sustituye con mayor precisión léxica a la palabra en negrita: 'El médico le dio un tratamiento farmacológico muy estricto para curar la infección respiratoria.'|otorgó|prescribió|brindó|donó|impuso|1|En el contexto médico, la acción formal y técnica de determinar o recetar un tratamiento se denomina 'prescribir'.|IA_APROBADA
Razonamiento Verbal|FACIL|Elija el antónimo contextual de la palabra en negrita: 'La jueza mostró una actitud indulgente ante las faltas leves cometidas por el procesado.'|benévola|severa|comprensiva|imparcial|tolerante|1|'Indulgente' alude a perdonar o atenuar la sanción; su antónimo en el ámbito judicial es una actitud 'severa' (rigurosa o estricta).|IA_APROBADA
Razonamiento Verbal|FACIL|Elija la alternativa con los conectores que completan correctamente el enunciado: 'El científico no pudo asistir a la cumbre de astrofísica _______ se encontraba convaleciente; _______, envió un informe pormenorizado con sus hallazgos.'|por qué - sin embargo|porque - no obstante|ya que - por lo tanto|puesto que - además|debido a que - es decir|1|El primer espacio exige un conector causal ('porque') para expresar la razón de la ausencia, mientras que el segundo requiere un conector adversativo ('no obstante') para contraponer la acción alternativa efectuada.|IA_APROBADA
Razonamiento Verbal|MEDIA|Elija la oración que debe eliminarse por no ser pertinente al tema tratado: (I) La fotosíntesis es el proceso mediante el cual las plantas convierten energía solar en energía química. (II) Para llevar a cabo este proceso, la planta absorbe agua, dióxido de carbono y luz solar. (III) Las plantas son organismos autótrofos fundamentales en la cadena trófica de los ecosistemas. (IV) La clorofila es el pigmento verde fundamental encargado de captar los fotones de luz. (V) En la fase luminosa se produce la fotólisis del agua y la liberación de oxígeno a la atmósfera.|I|II|III|IV|V|2|Las oraciones I, II, IV y V explican específicamente el mecanismo bioquímico de la fotosíntesis. La oración III se impertina al abordar el rol ecológico general de las plantas autótrofas en la cadena trófica.|IA_APROBADA
Razonamiento Verbal|MEDIA|Elija el orden lógico de los enunciados para un texto coherente titulado 'El origen de la imprenta moderna': (I) Gutenberg perfeccionó la técnica mediante la invención de tipos móviles metálicos e tinta grasa. (II) Antes del siglo XV, la copia de textos se realizaba manualmente por monjes en los scriptoria eclesiásticos. (III) Este avance provocó la democratización del conocimiento y una revolución cultural en Europa. (IV) El primer gran libro producido masivamente con esta técnica fue la célebre Biblia de 42 líneas. (V) Dicho proceso manuscrito hacía que los libros fueran artículos costosos y de circulación sumamente restringida.|II - V - I - IV - III|II - I - V - IV - III|I - IV - III - II - V|II - V - IV - I - III|V - II - I - III - IV|0|Sigue un orden cronológico y de causa-efecto: II expone el antecedente manuscrito; V detalla sus consecuencias; I introduce la invención de Gutenberg; IV ilustra con su primera obra emblemática; y III concluye con la trascendencia histórica.|IA_APROBADA
Razonamiento Verbal|MEDIA|Elija la opción que completa lógicamente el espacio en blanco: (I) La inteligencia artificial generativa ha revolucionado la producción de contenidos digitales. (II) Herramientas de última generación son capaces de redactar ensayos, crear imágenes fotorrealistas y escribir código informático. (III) [________________________________________]. (IV) Sin embargo, esta rápida difusión plantea serias controversias éticas en torno al derecho de autor y la suplantación de identidad.|Las computadoras del siglo pasado no poseían la capacidad de cómputo actual.|Estos modelos aprenden mediante el procesamiento masivo de patrones en datos previa información.|El sector tecnológico genera altos ingresos financieros para las corporaciones multinacionales.|La programación estructurada requiere de profesionales con formación universitaria avanzada.|Los derechos laborales han sufrido transformaciones continuas durante la última década.|1|La opción elegida explica el funcionamiento del mecanismo de las herramientas expuestas en (II), manteniendo la línea temática antes del contraste ético señalado en (IV).|IA_APROBADA
Razonamiento Verbal|MEDIA|Elija la secuencia correcta de enunciados que otorga cohesión sintáctica y lógica al párrafo: (I) Por consiguiente, la transición hacia fuentes energéticas limpias se ha vuelto una prioridad global. (II) La acumulación desmedida de gases de efecto invernadero ha acelerado el cambio climático. (III) Este fenómeno ocasiona sequías prolongadas, deshielo de glaciares y eventos meteorológicos extremos. (IV) Tales desastres alteran los ecosistemas y amenazan la seguridad alimentaria de millones de personas.|II - III - IV - I|I - II - III - IV|II - IV - III - I|III - II - IV - I|IV - III - II - I|0|El orden causal va del origen al impacto y la solución: Causa inicial (II), efecto inmediato sobre el clima (III), consecuencia socioambiental (IV) y conclusión o medida correctiva (I).|IA_APROBADA
Razonamiento Verbal|MEDIA|Lea el texto y responda la pregunta: 'Durante largo tiempo se consideró que el cerebro adulto era incapaz de producir nuevas neuronas. No obstante, investigaciones recientes en neurogénesis han probado que el hipocampo conserva la capacidad de generar neuronas a lo largo de toda la vida humana. Este descubrimiento sugiere que el aprendizaje continuo y la actividad física estimulan la plasticidad cerebral.' ¿Cuál es la idea principal del texto?|El ejercicio físico representa el único método preventivo contra el deterioro cognitivo.|El cerebro adulto conserva la capacidad de generar nuevas neuronas en el hipocampo.|Las enfermedades neurodegenerativas disponen actualmente de curas definitivas.|El hipocampo es una estructura cerebral inmune al envejecimiento biológico.|El aprendizaje formal finaliza obligatoriamente al alcanzar la etapa adulta.|1|El tema central y la afirmación nuclear del texto es la demostración científica de la neurogénesis adulta en el hipocampo.|IA_APROBADA
Razonamiento Verbal|DIFICIL|Lea el siguiente texto y responda: 'La contaminación por microplásticos en los océanos no solo entraña un peligro mecánico para la fauna marina por ingesta directa, sino que actúa como vector de contaminantes químicos lipofílicos. Al ser consumidos por el zooplancton y peces pequeños, estos tóxicos se bioacumulan y biomagnifican a través de la cadena trófica hasta alcanzar a los depredadores superiores.' Se infiere válidamente del texto que la presencia de microplásticos en el mar:|afecta exclusivamente a las especies de invertebrados de menor tamaño.|carece de repercusiones químicas en los organismos marinos que los ingieren.|posee el potencial de impactar en la salud humana mediante el consumo de recursos marinos.|se resuelve espontáneamente debido a la capacidad de filtración del agua marina.|impide de forma absoluta la fotosíntesis de las algas microscópicas superficiales.|2|Si los contaminantes se biomagnifican en la red trófica hasta los depredadores superiores, se deduce de manera lógica que el ser humano (depredador final de fauna marina) está expuesto al impacto de dichos tóxicos.|IA_APROBADA
Razonamiento Verbal|DIFICIL|Lea el texto y responda la pregunta: 'De acuerdo con los modelos climáticos vigentes, un incremento de 2 °C en la temperatura media global provocará un estrés hídrico severo en las cuencas altoandinas, disminuyendo en un 35% la disponibilidad de agua dulce para la agricultura de subsistencia hacia el año 2050.' Si se lograse desarrollar una tecnología económica y sostenible para la desalinización masiva y el trasvase eficiente de agua hacia zonas de elevada altitud, entonces probablemente:|el ascenso de la temperatura global se detendría de manera inmediata y definitiva.|los severos impactos socioeconómicos previstos para la agricultura de subsistencia podrían mitigarse.|la agricultura en las regiones andinas pasaría a ser totalmente prescindible para la economía.|los modelos meteorológicos sobre el calentamiento global quedarían invalidados teóricamente.|las cuencas altoandinas recuperarían instantáneamente toda su cobertura glaciar perdida.|1|La extrapolación plantea una solución técnica directa a la causa del problema (falta de agua en zonas altas); por tanto, la consecuencia negativa proyectada (impacto socioeconómico en la agricultura de subsistencia) se reduciría o paliaría.|IA_APROBADA
Razonamiento Verbal|DIFICIL|Lea el fragmento y responda: 'En la filosofía de la ciencia, el falibilismo postula que todo conocimiento empírico es provisorio y sujeto a revisión. Lejos de constituir un escepticismo radical que niegue la posibilidad de la verdad, se trata de la constatación de nuestras limitaciones cognitivas. En consecuencia, cualquier enunciado científico debe estar sometido a un riguroso escrutinio y a la permanente contrastación con la experiencia.' En el texto, la palabra ESCRUTINIO connota:|recuento público de sufragios en un proceso electoral.|evaluación crítica sistemática y examen exhaustivo.|adhesión dogmática a principios metodológicos tradicionales.|rechazo a priori de cualquier hipótesis innovadora.|acumulación pasiva de observaciones empíricas no comprobadas.|1|En el marco epistemológico de la contrastación teórica, 'escrutinio' remite al examen detallado, riguroso y crítico al que se someten las hipótesis frente a las evidencias.|IA_APROBADA
Razonamiento Verbal|DIFICIL|Lea el texto y responda: 'La paradoja de Fermi cuestiona la ausencia de señales de vida inteligente dada la inmensidad del universo y la probabilidad matemática de su existencia. Una de las respuestas teóricas es la hipótesis del Gran Filtro, según la cual existen barreras evolutivas o tecnológicas sumamente difíciles de superar para cualquier especie antes de lograr la expansión galáctica. Este filtro podría situarse en el pasado (origen de la vida) o en el futuro (autodestrucción tecnológica).' ¿Cuál es el mejor resumen del fragmento?|La paradoja de Fermi demuestra que la vida en el universo es un fenómeno exclusivo del planeta Tierra.|El Gran Filtro sostiene que todas las civilizaciones del universo están condenadas a la autodestrucción atómica.|Ante la falta de evidencia de civilizaciones extraterrestres (paradoja de Fermi), la hipótesis del Gran Filtro plantea la existencia de barreras evolutivas críticas.|La inmensidad del cosmos garantiza que la humanidad superará sus limitaciones tecnológicas en el futuro cercano.|Las probabilidades matemáticas de existencia de vida inteligente quedan anuladas por los cataclismos planetarios.|2|El resumen sintetiza de forma precisa la paradoja planteada (ausencia de evidencias) y la solución teórica desarrollada en el texto (la hipótesis de los obstáculos o Gran Filtro).|IA_APROBADA
Razonamiento Verbal|DIFICIL|En la elaboración de un mapa conceptual sobre la 'Estructura de la Tabla Periódica', se colocan los siguientes nodos jerárquicos: Concepto central: TABLA PERIÓDICA DE LOS ELEMENTOS. Subnodo 1: PERIODOS. Contenido descriptivo: Filas horizontales que indican el número de niveles energéticos de un átomo. ¿Qué verbo o frase de enlace resulta sintáctica y semánticamente más adecuado para conectar el subnodo 'PERIODOS' con su contenido descriptivo?|son clasificados por|se componen únicamente de|se definen como|son antecedidos por|se derivan formalmente en|2|En la construcción de mapas conceptuales, la relación entre un concepto/nodo y la proposición que explica su esencia formal requiere el nexo explicativo o categorial 'se definen como'.|IA_APROBADA
Trigonometría|FACIL|Convertir 45 grados sexagesimales a radianes.|\pi/2 rad|\pi/3 rad|\pi/4 rad|\pi/6 rad|\pi/5 rad|2|Para convertir grados sexagesimales a radianes se multiplica por \pi/180°. Así, 45° \times (\pi/180°) = \pi/4 rad.|IA_APROBADA
Trigonometría|FACIL|En un triángulo rectángulo, los catetos miden 3 cm y 4 cm. Calcule el seno del menor ángulo agudo.|3/5|4/5|3/4|4/3|5/3|0|Por el teorema de Pitágoras, la hipotenusa mide 5 cm. El menor ángulo agudo se opone al menor cateto (3 cm). Por lo tanto, \sin(\theta) = 3/5.|IA_APROBADA
Trigonometría|FACIL|El punto P(-3, 4) pertenece al lado final de un ángulo \theta en posición normal. Halle \tan(\theta).|-4/3text{}|-3/4text{}|4/5|-3/5text{}|3/4|0|Para un punto P(x, y) en el lado final, \tan(\theta) = y/x. Con x = -3 e y = 4, se obtiene \tan(\theta) = -4/3.|IA_APROBADA
Trigonometría|FACIL|Simplifique la siguiente expresión trigonométrica: E = \sin^2(x) + \cos^2(x) + \tan^2(x).|\csc^2(x)|\sec^2(x)|\cot^2(x)|1|2|1|Por la identidad pitagórica, \sin^2(x) + \cos^2(x) = 1. Luego, E = 1 + \tan^2(x), lo cual equivale por identidad pitagórica a \sec^2(x).|IA_APROBADA
Trigonometría|FACIL|En la circunferencia trigonométrica, ¿cuál es el valor máximo que adopta la función seno?|0|1/2|1|2|\pi|2|El radio de la circunferencia trigonométrica es 1, por lo que la ordenada (seno) varía entre -1 y 1, siendo 1 su valor máximo.|IA_APROBADA
Trigonometría|MEDIA|Si \tan(x) = 1/2, halle el valor de \sin(2x).|3/5|4/5|1/2|3/4|2/5|1|Utilizando la identidad del ángulo doble en términos de la tangente: \sin(2x) = 2\tan(x) / (1 + \tan^2(x)). Sustituyendo: 2(1/2) / (1 + 1/4) = 1 / (5/4) = 4/5.|IA_APROBADA
Trigonometría|MEDIA|En un triángulo ABC, el lado a = 5, el lado b = 7 y el ángulo C = 60°. Calcule la longitud del lado c.|\sqrt{39}|\sqrt{49}|\sqrt{29}|6|\sqrt{74}|0|Por la ley de cosenos: c^2 = a^2 + b^2 - 2ab\cos(C). Reemplazando: c^2 = 25 + 49 - 2(5)(7)(1/2) = 74 - 35 = 39. Por lo tanto, c = \sqrt{39}.|IA_APROBADA
Trigonometría|MEDIA|Indique la menor solución positiva de la ecuación trigonométrica: 2\sin(x) - 1 = 0.|\pi/3 rad|\pi/6 rad|\pi/4 rad|5\pi/6 rad|\pi/2 rad|1|Despejando el seno se obtiene \sin(x) = 1/2. La menor solución positiva es x = \pi/6 rad (o 30°).|IA_APROBADA
Trigonometría|MEDIA|Determine el dominio de la función f(x) = \tan(x) restringida al intervalo [0, 2\pi].|[0, 2\pi] - {\pi/2, 3\pi/2}|[0, 2\pi] - {\pi}|[0, 2\pi] - {0, \pi, 2\pi}|[0, \pi]|[0, 2\pi] - {\pi/4, 3\pi/4}|0|La función tangente no está definida donde el coseno es igual a 0. En el intervalo [0, 2\pi], esto ocurre en x = \pi/2 y x = 3\pi/2.|IA_APROBADA
Trigonometría|MEDIA|Halle la ecuación de la circunferencia con centro en el origen de coordenadas y radio R = 4.|x^2 + y^2 = 4|x^2 + y^2 = 8|x^2 + y^2 = 16|x^2 - y^2 = 16|x + y = 4|2|La ecuación canónica de la circunferencia con centro en (0,0) es x^2 + y^2 = R^2. Al ser R = 4, resulta x^2 + y^2 = 16.|IA_APROBADA
Trigonometría|DIFICIL|Calcule el valor exacto de E = \arccos(\cos(7\pi/5)).|7\pi/5|3\pi/5|2\pi/5|\pi/5|4\pi/5|1|El rango de la función arco coseno es [0, \pi]. Como 7\pi/5 no pertenece a este rango, usamos la propiedad de simetría del coseno: \cos(7\pi/5) = \cos(2\pi - 7\pi/5) = \cos(3\pi/5). Como 3\pi/5 está en [0, \pi], \arccos(\cos(7\pi/5)) = 3\pi/5.|IA_APROBADA
Trigonometría|DIFICIL|Simplifique la expresión: E = (\sin(5x) + \sin(3x)) / (\cos(5x) + \cos(3x)).|\tan(x)|\tan(2x)|\tan(4x)|\cot(4x)|\tan(8x)|2|Aplicando las fórmulas de transformación a producto: \sin(5x) + \sin(3x) = 2\sin(4x)\cos(x) y \cos(5x) + \cos(3x) = 2\cos(4x)\cos(x). Al dividir, simplificando 2\cos(x) se obtiene \tan(4x).|IA_APROBADA
Trigonometría|DIFICIL|Resuelva la inecuación trigonométrica 2\cos^2(x) - \cos(x) - 1 < 0 en el intervalo [0, \pi].|(0, 2\pi/3)|[0, \pi/3)|(\pi/3, 2\pi/3)|(2\pi/3, \pi]|(0, \pi/2)|0|Factorizando se tiene (2\cos(x) + 1)(\cos(x) - 1) < 0. En [0, \pi], \cos(x) \le 1, por lo que (\cos(x) - 1) \le 0. Para que el producto sea estrictamente negativo, se requiere \cos(x) < 1 y 2\cos(x) + 1 > 0, lo cual implica -1/2 < \cos(x) < 1. En [0, \pi], esto se cumple para x \in (0, 2\pi/3).|IA_APROBADA
Trigonometría|DIFICIL|Halle la longitud del lado recto de la parábola cuya ecuación cartesiana es y^2 = 12x.|3|6|12|24|4|2|La ecuación canónica de una parábola horizontal con vértice en el origen es y^2 = 4px. Comparando, 4p = 12. La longitud del lado recto es el valor absoluto de 4p, es decir, 12.|IA_APROBADA
Trigonometría|DIFICIL|Un ángulo diedro mide 60°. Un punto P ubicado en su plano bisector dista 6 cm de la arista. Calcule la distancia de P a cualquiera de las caras del diedro.|3 cm|3\sqrt{3} cm|6 cm|2\sqrt{3} cm|4 cm|0|El plano bisector divide al ángulo diedro en dos de 30°. Al trazar la perpendicular desde P a una de las caras, se forma un triángulo rectángulo donde la hipotenusa es la distancia a la arista (6 cm) y el cateto opuesto al ángulo de 30° es la distancia d a la cara. Por tanto, d = 6 \times \sin(30°) = 6 \times (1/2) = 3 cm.|IA_APROBADA
Álgebra|FACIL|Halle el residuo de dividir el polinomio P(x) = x^4 - 3x^2 + 5x - 7 entre (x - 2).|3|5|7|9|11|2|Por el teorema del resto, el residuo R es igual a P(2). Evaluando: P(2) = 2^4 - 3(2)^2 + 5(2) - 7 = 16 - 12 + 10 - 7 = 7.|IA_APROBADA
Álgebra|FACIL|Si el polinomio P(x, y) = 3x^{m+2}y^3 - 5x^m y^5 + 2x^{m+1}y^4 tiene un grado absoluto igual a 10, halle el valor de m.|2|3|4|5|6|3|El grado absoluto de cada término es: (m+2)+3 = m+5, m+5, y (m+1)+4 = m+5. Por lo tanto, el grado absoluto del polinomio es m + 5. Igualando a 10: m + 5 = 10, de donde m = 5.|IA_APROBADA
Álgebra|FACIL|Si z = (a + 6i) + (3 - 2bi) representa un número real puro, halle el valor de b.|1|2|3|4|5|2|Sumando partes reales e imaginarias, z = (a + 3) + (6 - 2b)i. Para que z sea un número real puro, su parte imaginaria debe ser cero: 6 - 2b = 0, lo cual da b = 3.|IA_APROBADA
Álgebra|FACIL|Determine el conjunto solución de la inecuación lineal 3x - 5 < 2x + 4.|]-\infty, 9[|]-\infty, 9]|]9, +\infty[|[9, +\infty[|]-\infty, 1[|0|Restando 2x a ambos lados y sumando 5 resulta x < 9. Por lo tanto, el conjunto solución es ]-\infty, 9[.|IA_APROBADA
Álgebra|FACIL|Dada la matriz A = [[4, 2], [5, 3]], calcule el valor de su determinante det(A).|1|2|3|4|5|1|El determinante de una matriz de 2x2 [[a, b], [c, d]] se calcula como a*d - b*c. Así, det(A) = 4*3 - 2*5 = 12 - 10 = 2.|IA_APROBADA
Álgebra|MEDIA|Luego de factorizar el polinomio P(x) = x^3 - 4x^2 + x + 6 en el campo de los números racionales, indique la suma de sus factores primos.|3x - 4|3x - 2|3x + 1|3x - 6|3x + 4|0|Evaluando x = -1, P(-1) = 0, luego (x + 1) es factor. Al dividir P(x) entre (x + 1) se obtiene x^2 - 5x + 6 = (x - 2)(x - 3). Los factores primos son (x + 1), (x - 2) y (x - 3). La suma es (x + 1) + (x - 2) + (x - 3) = 3x - 4.|IA_APROBADA
Álgebra|MEDIA|Halle la suma de las soluciones reales de la ecuación logarítmica log_2(x^2 - 3x) = 2.|1|2|3|4|5|2|Por definición de logaritmo, x^2 - 3x = 2^2 = 4, es decir, x^2 - 3x - 4 = 0. Factorizando se tiene (x - 4)(x + 1) = 0, cuyas raíces son x = 4 y x = -1. Ambas verifican x^2 - 3x > 0. La suma de soluciones es 4 + (-1) = 3.|IA_APROBADA
Álgebra|MEDIA|Determine el valor de la constante k para que el sistema de ecuaciones x + 2y = 5 y 3x + ky = 15 tenga infinitas soluciones.|2|4|6|8|10|2|Un sistema lineal de 2x2 es compatible indeterminado si las razones de sus coeficientes son iguales: 1/3 = 2/k = 5/15. De 1/3 = 2/k se obtiene k = 6.|IA_APROBADA
Álgebra|MEDIA|Halle el conjunto solución de la inecuación cuadrática x^2 - 5x + 6 <= 0.|[2, 3]|]2, 3[|]-\infty, 2] U [3, +\infty[|[0, 5]|[-3, -2]|0|Factorizando el trinomio resulta (x - 2)(x - 3) <= 0. Ubicando los puntos críticos 2 y 3 en la recta real y analizando los signos, el producto es menor o igual a cero en el intervalo cerrado [2, 3].|IA_APROBADA
Álgebra|MEDIA|Determine el dominio de la función real definida por f(x) = \sqrt{10 - 2x} + \frac{1}{x - 1}.|]-\infty, 5] - {1}|]-\infty, 5]|[1, 5]|]-\infty, 5[|]1, 5]|0|Para la raíz cuadrada se requiere 10 - 2x >= 0, es decir x <= 5. Para la fracción se exige x - 1 != 0, es decir x != 1. Intersecando ambas condiciones se obtiene Dom(f) = ]-\infty, 5] - {1}.|IA_APROBADA
Álgebra|DIFICIL|En un problema de programación lineal, se desea maximizar la función objetivo Z(x, y) = 3x + 4y sujeta a las restricciones: x + y <= 6, 2x + y <= 8, x >= 0, y >= 0. Halle el valor máximo de Z.|18|20|22|24|26|3|Los vértices de la región factible son (0,0), (4,0), (2,4) y (0,6). Evaluando Z en cada punto: Z(0,0)=0, Z(4,0)=12, Z(2,4)=3(2)+4(4)=22, Z(0,6)=3(0)+4(6)=24. El valor máximo es 24.|IA_APROBADA
Álgebra|DIFICIL|Calcule el valor al que converge la serie infinita S = 1/2 + 2/4 + 3/8 + 4/16 + ... + n/(2^n) + ...|1|3/2|2|5/2|3|2|Multiplicando S por 1/2 se tiene (1/2)S = 1/4 + 2/8 + 3/16 + ... Restando S - (1/2)S se obtiene (1/2)S = 1/2 + 1/4 + 1/8 + 1/16 + ... Esta última es una serie geométrica de suma (1/2)/(1 - 1/2) = 1. Como (1/2)S = 1, resulta S = 2.|IA_APROBADA
Álgebra|DIFICIL|Dada la función biyectiva f(x) = (2x + 1)/(x - 3) definida para x > 3, determine la regla de correspondencia de su función inversa f^{-1}(x) y su dominio.|f^{-1}(x) = (3x + 1)/(x - 2), Dom = ]2, +\infty[|f^{-1}(x) = (3x - 1)/(x + 2), Dom = ]2, +\infty[|f^{-1}(x) = (3x + 1)/(x - 2), Dom = ]3, +\infty[|f^{-1}(x) = (x - 3)/(2x + 1), Dom = ]0, +\infty[|f^{-1}(x) = (2x - 1)/(x + 3), Dom = ]-3, +\infty[|0|Despejando x de y = (2x + 1)/(x - 3): y(x - 3) = 2x + 1 => x(y - 2) = 3y + 1 => x = (3y + 1)/(y - 2). Reescribiendo f(x) = 2 + 7/(x - 3), como x > 3, y > 2. Por tanto, f^{-1}(x) = (3x + 1)/(x - 2) definida para Dom(f^{-1}) = ]2, +\infty[.|IA_APROBADA
Álgebra|DIFICIL|Si a, b y c son las tres raíces del polinomio P(x) = x^3 - 6x^2 + 11x - 6, calcule el valor de T = a^2 + b^2 + c^2.|12|14|16|18|20|1|Por el teorema de Vieta: a + b + c = 6 y ab + bc + ca = 11. Usando la identidad (a + b + c)^2 = a^2 + b^2 + c^2 + 2(ab + bc + ca), sustituimos los valores: 6^2 = T + 2(11) => 36 = T + 22 => T = 14.|IA_APROBADA
Álgebra|DIFICIL|Determine la suma de los números enteros que NO satisfacen la inecuación con valor absoluto ∣2x - 3∣ >= 5.|3|5|6|8|10|2|Los valores que NO satisfacen la inecuación cumplen la negación ∣2x - 3∣ < 5, lo que equivale a -5 < 2x - 3 < 5. Sumando 3 se obtiene -2 < 2x < 8, e dividiendo entre 2 resulta -1 < x < 4. Los enteros en este intervalo son {0, 1, 2, 3}. Su suma es 0 + 1 + 2 + 3 = 6.|IA_APROBADA
